Kontonummer;Kontonavn;Inngående balanse 2024-01-01;Jan;Feb;Mars;April;Mai;Juni;Juli;Aug;Sept;Okt;Nov;Des;2024-12-31;2023-12-31;Endring - 2023-12-31
1160;"Fjordgt. 30 bygg";6771076,20;6784411,20;6796379,20;6776793,20;6873405,20;6944171,60;6956275,60;6960763,60;6960763,60;6926217,60;6926217,60;6926217,60;6891671,60;6891671,60;6771076,20;120595,40
1161;"Fjordgata 30, teknisk utstyr";812891,00;812891,00;812891,00;710200,00;710200,00;710200,00;607509,00;607509,00;607509,00;504818,00;504818,00;504818,00;402127,00;402127,00;812891,00;-410764,00
1164;"Grønnegata 10 bygg";17516265,00;17516265,00;17516265,00;17428683,67;17428683,67;17428683,67;17341102,34;17341102,34;17341102,34;17253521,01;17253521,01;17253521,01;17165939,68;17165939,68;17516265,00;-350325,32
1167;"Grønnegata 10, fast teknisk installasjon";1734556,50;1734556,50;1734556,50;1686374,37;1686374,37;1686374,37;1638192,24;1638192,24;1638192,24;1590010,11;1590010,11;1590010,11;1541827,98;1541827,98;1734556,50;-192728,52
1250;"Kjøpt Pinball Maskin";40615,00;40615,00;40615,00;37751,00;37751,00;37751,00;34887,00;34887,00;34887,00;32023,00;32023,00;32023,00;29159,00;29159,00;40615,00;-11456,00
1251;"Møbler, interiør og annet inventar, Grønnegata 10";414847,68;414847,68;414847,68;388919,70;388919,70;388919,70;362991,72;362991,72;362991,72;337063,74;337063,74;337063,74;311135,76;311135,76;414847,68;-103711,92
1260;"Fast bygningsinventar, Grønnegata 10";424544,80;424544,80;424544,80;411277,77;411277,77;411277,77;398010,74;398010,74;398010,74;384743,71;384743,71;384743,71;371476,68;371476,68;424544,80;-53068,12
1500;"Kundefordringer";290696,00;347177,00;353321,00;444346,00;532067,00;251981,43;375641,00;524067,00;658446,00;609792,00;706042,00;953892,00;650446,00;650446,00;290696,00;359750,00
1561;"Mellomregning KodeWorks Drift AS";264850,00;264850,00;264850,00;264850,00;264850,00;264850,00;264850,00;264850,00;264850,00;264850,00;264850,00;264850,00;1214850,00;1214850,00;264850,00;950000,00
1920;"Handelsbanken driftskonto (gammel)";44010,00;34136,54;8567,22;157,02;-138,18;16685,00;375,10;0,00;0,00;0,00;0,00;0,00;0,00;0,00;44010,00;-44010,00
1921;"Bankinnskudd DNB";2292,96;12066,48;291314,98;46707,34;22333,26;389381,14;2880,85;29107,17;99749,89;11,21;20073,02;4228,97;44180,04;44180,04;2292,96;41887,08
1950;"Bankinnskudd for skattetrekk";2404,00;5350,00;8861,00;3,00;3,00;0,00;0,00;0,00;0,00;0,00;0,00;0,00;0,00;0,00;2404,00;-2404,00
1951;"Skattetrekkskonto DNB";0,00;0,00;0,00;2300,00;5667,00;2300,00;2300,00;0,00;0,00;0,00;0,00;0,00;0,00;0,00;0,00;0,00
1960;"Stripe";73338,96;0,00;0,00;0,00;0,00;0,00;0,00;0,00;0,00;0,00;0,00;0,00;80111,80;80111,80;73338,96;6772,84
2000;"Aksjekapital";-30000,00;-30000,00;-30000,00;-30000,00;-30000,00;-30000,00;-30000,00;-30000,00;-30000,00;-30000,00;-30000,00;-30000,00;-30000,00;-30000,00;-30000,00;0,00
2030;"Annen innskutt egenkapital";5570,00;5570,00;5570,00;5570,00;5570,00;5570,00;5570,00;5570,00;5570,00;5570,00;5570,00;5570,00;5570,00;5570,00;5570,00;0,00
2050;"Annen egenkapital";-16692,06;-16692,06;-16692,06;-16692,06;-16692,06;-16692,06;-16692,06;-16692,06;-16692,06;-16692,06;-16692,06;-16692,06;-26163,78;-26163,78;-16692,06;-9471,72
2080;"Udekket tap";0,00;0,00;0,00;0,00;0,00;0,00;0,00;0,00;0,00;0,00;0,00;0,00;0,00;0,00;0,00;0,00
3000;"Salgsinntekt, avgiftspliktig";-2866700,00;-3052600,00;-3238500,00;-3424400,00;-3610300,00;-3796200,00;-3982100,00;-4168000,00;-4353900,00;-4539800,00;-4712400,00;-4911600,00;-5084200,00;-5084200,00;-2866700,00;-2217500,00
3200;"Salgsinntekt, utenfor avgiftsområdet";-669890,96;-703611,96;-737932,96;-744153,96;-744374,96;-745195,96;-751111,96;-818332,96;-852653,96;-886374,96;-920095,96;-954416,96;-1034749,76;-1034749,76;-669890,96;-364858,80
3690;"Forskuddsfakturert leie";219621,00;0,00;0,00;0,00;0,00;0,00;0,00;0,00;0,00;0,00;0,00;0,00;161096,00;161096,00;219621,00;-58525,00
5000;"Lønn til ansatte";130145,00;151535,00;167430,00;176630,00;191890,00;201090,00;211210,00;221790,00;231450,00;241110,00;251690,00;263450,00;273110,00;273110,00;130145,00;142965,00
5020;"Feriepenger";15838,78;18405,58;20445,81;21549,81;23509,81;24613,81;25828,21;27097,81;28257,01;29416,21;30685,81;32145,31;33304,51;33304,51;15838,78;17465,73
5095;"Periodisering av lønn";9660,00;0,00;0,00;0,00;0,00;0,00;0,00;0,00;0,00;0,00;0,00;0,00;0,00;0,00;9660,00;-9660,00
5096;"Periodisering av feriepenger";1159,20;0,00;0,00;0,00;0,00;0,00;0,00;0,00;0,00;0,00;0,00;0,00;0,00;0,00;1159,20;-1159,20
5400;"Arbeidsgiveravgift";18350,45;21366,44;23607,64;24904,84;27056,50;28353,70;29780,62;31272,40;32634,46;33996,52;35488,30;37146,46;38508,52;38508,52;18350,45;20158,07
5401;"Arbeidsgiveravgift av opptjente feriepenger";2233,28;2595,20;2882,87;3038,53;3314,89;3470,55;3641,78;3820,79;3984,24;4147,69;4326,70;4532,49;4695,94;4695,94;2233,28;2462,66
5495;"Periodisering av arbeidsgiveravgift";1362,06;0,00;0,00;0,00;0,00;0,00;0,00;0,00;0,00;0,00;0,00;0,00;0,00;0,00;1362,06;-1362,06
5496;"Periodisering av arbeidsgiveravgift av opptjente feriepenger";163,45;0,00;0,00;0,00;0,00;0,00;0,00;0,00;0,00;0,00;0,00;0,00;0,00;0,00;163,45;-163,45
6000;"Avskrivning på bygninger og annen fast eiendom";2343490,42;2343490,42;2343490,42;2658549,89;2658549,89;2658549,89;2973609,36;2973609,36;2973609,36;3288668,83;3288668,83;3288668,83;3603728,30;3603728,30;2343490,42;1260237,88
6200;"Elektrisitet";105579,37;128049,39;146520,88;157649,06;169221,95;177700,46;182881,09;187580,10;191156,84;194366,97;199180,23;206281,55;216027,58;216027,58;105579,37;110448,21
6300;"Leie lokale";53450,62;62150,50;62150,50;62150,50;62150,50;64402,84;66655,18;68907,52;71159,86;73412,20;75664,54;77916,88;80169,22;80169,22;53450,62;26718,60
6320;"Renovasjon, vann, avløp o.l.";18779,57;19961,29;21085,84;24565,60;25945,52;27829,62;29702,30;31743,79;33697,07;35601,91;37691,29;41449,83;43540,71;43540,71;18779,57;24761,14
6360;"Renhold";96899,90;104459,90;112019,90;123654,85;131214,85;138774,85;146518,05;154616,45;162714,85;170813,25;178911,65;178911,65;195107,65;195107,65;96899,90;98207,75
6390;"Felleskostnader leiligheter";-2741,90;-2741,90;-2741,90;-2741,90;-2741,90;-2741,90;-2741,90;-2741,90;-2741,90;-2741,90;-2741,90;-2741,90;-2741,90;-2741,90;-2741,90;0,00
6391;"Annen kostnad lokaler";51418,52;62253,57;69949,57;70465,57;81097,71;153832,91;205505,31;207596,61;209039,01;209516,61;211607,91;219267,31;219744,91;219744,91;51418,52;168326,39
6392;"Felleskostnader Grønnegata";468085,80;479934,80;491783,80;503632,80;515481,80;527330,80;539179,80;551028,80;562877,80;574726,80;585269,80;597118,80;608967,80;608967,80;468085,80;140882,00
6490;"Annen leiekostnad";0,00;0,00;0,00;0,00;1859,38;1859,38;1859,38;1859,38;1859,38;1859,38;1859,38;1859,38;1859,38;1859,38;0,00;1859,38
6540;"Inventar";28294,00;28294,00;28294,00;28294,00;28294,00;28294,00;28294,00;28294,00;28294,00;28294,00;28294,00;28294,00;28294,00;28294,00;28294,00;0,00
6552;"Datautstyr (software)";15490,17;15490,17;16744,76;18661,68;18661,68;20800,67;20800,67;23098,88;23098,88;25208,54;25208,54;27276,30;27276,30;27276,30;15490,17;11786,13
6600;"Reparasjon og vedlikehold bygninger";0,00;0,00;0,00;0,00;3040,00;3040,00;3040,00;3040,00;3040,00;3040,00;3040,00;3040,00;3040,00;3040,00;0,00;3040,00
6701;"Honorar revisjon";0,00;0,00;0,00;0,00;0,00;11496,31;11496,31;11496,31;11496,31;11496,31;11496,31;11496,31;11496,31;11496,31;0,00;11496,31
6702;"Honorar rådgivning revisjon";34498,44;34498,44;34498,44;34498,44;34498,44;34498,44;34498,44;34498,44;34498,44;34498,44;34498,44;34498,44;34498,44;34498,44;34498,44;0,00
6720;"Honorar for økonomisk rådgivning";10000,00;10000,00;10000,00;10000,00;10000,00;10000,00;10000,00;10000,00;10000,00;10000,00;10000,00;10000,00;10000,00;10000,00;10000,00;0,00
6795;"Annen Fremmed tjeneste, ikke opplysningspliktig";-3000,00;-3000,00;-3000,00;-3000,00;-3000,00;-3000,00;-3000,00;-3000,00;-3000,00;-3000,00;-3000,00;-3000,00;-3000,00;-3000,00;-3000,00;0,00
6890;"Annen kontorkostnad";199,76;199,76;199,76;199,76;857,34;857,34;857,34;857,34;857,34;857,34;857,34;857,34;857,34;857,34;199,76;657,58
6900;"Telefon";65670,00;65670,00;79683,00;79683,00;79683,00;93696,00;93696,00;93696,00;107709,00;107709,00;107709,00;122355,00;122355,00;122355,00;65670,00;56685,00
7140;"Reisekostnad, ikke oppgavepliktig";630,00;630,00;1064,00;1064,00;1531,00;1531,00;1531,00;1531,00;1531,00;1531,00;1531,00;1531,00;1531,00;1531,00;630,00;901,00
7500;"Forsikringspremie";122283,00;122283,00;139310,00;139310,00;139310,00;156334,00;156334,00;156334,00;173358,00;173358,00;173358,00;190382,00;190382,00;190382,00;122283,00;68099,00
7740;"Øredifferanser";3,33;2,34;3,38;3,18;3,47;3,27;4,73;3,95;4,86;4,79;4,86;4,70;5,49;5,49;3,33;2,16
7750;"Eiendoms- og festeavgift";186326,70;186326,70;186326,70;203043,70;213937,20;217261,70;227329,70;230654,04;233978,54;244046,54;247371,04;250695,54;254020,04;254020,04;186326,70;67693,34
7770;"Bank og kortgebyrer";7279,00;7872,37;9016,07;9667,77;10332,72;11017,82;11733,97;12133,47;12526,72;12915,72;13302,72;13680,97;14056,72;14056,72;7279,00;6777,72
7790;"Annen kostnad, fradragsberettiget";29951,00;29951,00;29951,00;29951,00;29951,00;29951,00;29951,00;29951,00;29951,00;29951,00;29951,00;29951,00;29951,00;29951,00;29951,00;0,00
8050;"Annen renteinntekt";-3071,50;-3071,50;-3071,50;-3071,50;-3071,50;-3074,28;-3074,28;-3112,80;-3112,80;-3112,80;-3112,80;-3112,80;-3112,80;-3112,80;-3071,50;-41,30
8070;"Annen finansinntekt";-12772,00;-12772,00;-12772,00;-12772,00;-12772,00;-12772,00;-19787,00;-19787,00;-19787,00;-19787,00;-19787,00;-19787,00;-19787,00;-19787,00;-12772,00;-7015,00
8130;"Rentekostnad til foretak i samme konsern";505024,59;505024,59;505024,59;561133,29;561133,29;561133,29;618138,63;618138,63;618138,63;676259,65;676259,65;676259,65;734671,28;734671,28;505024,59;229646,69
8150;"Annen rentekostnad";1242327,98;1242327,98;1242327,98;1530194,47;1530194,47;1530194,47;1827985,16;1827985,16;1827985,16;2116271,90;2116593,90;2116593,90;2406141,37;2406141,37;1242327,98;1163813,39
8170;"Annen finanskostnad";765,70;765,70;765,70;3335,70;3335,70;3335,70;5905,70;5906,40;5906,40;5976,40;5976,40;5976,40;8546,40;8546,40;765,70;7780,70
8320;"Endring utsatt skatt";-489896,26;-489896,26;-489896,26;-489896,26;-489896,26;-489896,26;-489896,26;-489896,26;-489896,26;-489896,26;-489896,26;-489896,26;-531955,00;-531955,00;-489896,26;-42058,74
8960;"Overføringer annen egenkapital";-1736908,37;-1736908,37;-1736908,37;-1736908,37;-1736908,37;-1736908,37;-1736908,37;-1736908,37;-1736908,37;-1736908,37;-1736908,37;-1736908,37;-2677436,65;-2677436,65;-1736908,37;-940528,28
8990;"Udekket tap";0,00;0,00;0,00;0,00;0,00;0,00;0,00;0,00;0,00;0,00;0,00;0,00;0,00;0,00;0,00;0,00
2120;"Utsatt skatt";-42058,74;-42058,74;-42058,74;-42058,74;-42058,74;-42058,74;-42058,74;-42058,74;-42058,74;-42058,74;-42058,74;-42058,74;0,00;0,00;-42058,74;42058,74
2221;"Lån DNB 8210.58.15383";-16625000,00;-16625000,00;-16625000,00;-16625000,00;-16625000,00;-16625000,00;-16625000,00;-16625000,00;-16625000,00;-16625000,00;-16625000,00;-16625000,00;-16625000,00;-16625000,00;-16625000,00;0,00
2400;"Leverandørgjeld";-193135,79;-26902,37;-82968,68;-70926,15;-168173,87;-216801,36;-103643,93;-41649,85;-58981,52;-29918,21;-23512,38;-69800,58;-22789,93;-22789,93;-193135,79;170345,86
2600;"Forskuddstrekk";-2401,00;-5347,00;-8858,00;-2300,00;-5667,00;-2300,00;-4867,00;-2645,00;-5060,00;-2415,00;-5060,00;-1385,00;-3800,00;-3800,00;-2401,00;-1399,00
2700;"Utgående merverdiavgift, høy sats";0,00;-46475,00;0,00;-46475,00;0,00;-46475,00;0,00;-46475,00;0,00;-46475,00;0,00;-49800,00;0,00;0,00;0,00;0,00
2710;"Inngående merverdiavgift, høy sats";0,00;16020,44;0,00;10800,31;0,00;29188,33;0,00;6361,93;0,00;4393,67;0,00;9254,14;0,00;0,00;0,00;0,00
2740;"Oppgjørskonto merverdiavgift";-51506,09;-51506,09;-61434,09;-61434,09;-49241,09;-49241,09;-37112,09;-37112,09;-115867,09;-78709,09;-79044,09;-79044,09;-75960,09;-75960,09;-51506,09;-24454,00
2770;"Skyldig arbeidsgiveravgift";-2886,00;-3015,00;-5256,00;-1297,00;-3448,00;-1297,00;-4957,00;-1491,00;-2853,00;-1362,00;-2853,00;-1658,00;-3020,00;-3020,00;-2886,00;-134,00
2785;"Påløpt arbeidsgiveravgift på ferielønn";-2233,28;-2595,20;-2882,87;-3038,53;-3314,89;-3470,55;-1408,51;-1587,52;-1750,97;-1914,42;-2093,43;-2299,22;-2462,67;-2462,67;-2233,28;-229,39
2900;"Forskudd fra kunder";-219621,00;0,00;0,00;0,00;0,00;0,00;0,00;0,00;0,00;0,00;0,00;0,00;-161096,00;-161096,00;-219621,00;58525,00
2910;"Gjeld til ansatte og eiere";0,00;0,00;0,00;0,00;0,00;0,00;0,00;0,00;0,00;0,00;0,00;0,00;0,00;0,00;0,00;0,00
2923;"Gjeld KodeWorks AS";-11184240,75;-11184240,75;-11296740,75;-11352849,45;-11352849,45;-11440849,45;-11624204,79;-11624204,79;-11624204,79;-11682325,81;-11682325,81;-11682325,81;-11740737,44;-11740737,44;-11184240,75;-556496,69
2940;"Skyldig feriepenger";-15838,78;-18405,58;-20445,81;-21549,81;-23509,81;-24613,81;-9989,43;-11259,03;-12418,23;-13577,43;-14847,03;-16306,53;-17465,73;-17465,73;-15838,78;-1626,95
2945;"Periodisering av lønn";-12344,71;0,00;0,00;0,00;0,00;0,00;0,00;0,00;0,00;0,00;0,00;0,00;0,00;0,00;-12344,71;12344,71
