Kontonummer;Kontonavn;Jan;Feb;Mars;April;Mai;Juni;Juli;Aug;Sept;Okt;Nov;Des;2024;2024;Periode - 2023;Endring - 2023;Periode - 2023;Endring - 2023
3000;"Salgsinntekt, avgiftspliktig";-185900,00;-185900,00;-185900,00;-185900,00;-185900,00;-185900,00;-185900,00;-185900,00;-185900,00;-172600,00;-199200,00;-172600,00;-2217500,00;-2217500,00;-2238300,00;20800,00;-2238300,00;20800,00
3200;"Salgsinntekt, utenfor avgiftsområdet";-33721,00;-34321,00;-6221,00;-221,00;-821,00;-5916,00;-67221,00;-34321,00;-33721,00;-33721,00;-34321,00;-80332,80;-364858,80;-364858,80;-519890,96;155032,16;-519890,96;155032,16
3690;"Forskuddsfakturert leie";-219621,00;0,00;0,00;0,00;0,00;0,00;0,00;0,00;0,00;0,00;0,00;161096,00;-58525,00;-58525,00;41221,00;-99746,00;41221,00;-99746,00
5000;"Lønn til ansatte";21390,00;15895,00;9200,00;15260,00;9200,00;10120,00;10580,00;9660,00;9660,00;10580,00;11760,00;9660,00;142965,00;142965,00;130145,00;12820,00;130145,00;12820,00
5020;"Feriepenger";2566,80;2040,23;1104,00;1960,00;1104,00;1214,40;1269,60;1159,20;1159,20;1269,60;1459,50;1159,20;17465,73;17465,73;15838,78;1626,95;15838,78;1626,95
5095;"Periodisering av lønn";-9660,00;0,00;0,00;0,00;0,00;0,00;0,00;0,00;0,00;0,00;0,00;0,00;-9660,00;-9660,00;9660,00;-19320,00;9660,00;-19320,00
5096;"Periodisering av feriepenger";-1159,20;0,00;0,00;0,00;0,00;0,00;0,00;0,00;0,00;0,00;0,00;0,00;-1159,20;-1159,20;1159,20;-2318,40;1159,20;-2318,40
5400;"Arbeidsgiveravgift";3015,99;2241,20;1297,20;2151,66;1297,20;1426,92;1491,78;1362,06;1362,06;1491,78;1658,16;1362,06;20158,07;20158,07;18350,45;1807,62;18350,45;1807,62
5401;"Arbeidsgiveravgift av opptjente feriepenger";361,92;287,67;155,66;276,36;155,66;171,23;179,01;163,45;163,45;179,01;205,79;163,45;2462,66;2462,66;2233,28;229,38;2233,28;229,38
5495;"Periodisering av arbeidsgiveravgift";-1362,06;0,00;0,00;0,00;0,00;0,00;0,00;0,00;0,00;0,00;0,00;0,00;-1362,06;-1362,06;1362,06;-2724,12;1362,06;-2724,12
5496;"Periodisering av arbeidsgiveravgift av opptjente feriepenger";-163,45;0,00;0,00;0,00;0,00;0,00;0,00;0,00;0,00;0,00;0,00;0,00;-163,45;-163,45;163,45;-326,90;163,45;-326,90
6000;"Avskrivning på bygninger og annen fast eiendom";0,00;0,00;315059,47;0,00;0,00;315059,47;0,00;0,00;315059,47;0,00;0,00;315059,47;1260237,88;1260237,88;1267387,32;-7149,44;1267387,32;-7149,44
6200;"Elektrisitet";22470,02;18471,49;11128,18;11572,89;8478,51;5180,63;4699,01;3576,74;3210,13;4813,26;7101,32;9746,03;110448,21;110448,21;105579,37;4868,84;105579,37;4868,84
6300;"Leie lokale";8699,88;0,00;0,00;0,00;2252,34;2252,34;2252,34;2252,34;2252,34;2252,34;2252,34;2252,34;26718,60;26718,60;31450,62;-4732,02;31450,62;-4732,02
6320;"Renovasjon, vann, avløp o.l.";1181,72;1124,55;3479,76;1379,92;1884,10;1872,68;2041,49;1953,28;1904,84;2089,38;3758,54;2090,88;24761,14;24761,14;18779,57;5981,57;18779,57;5981,57
6360;"Renhold";7560,00;7560,00;11634,95;7560,00;7560,00;7743,20;8098,40;8098,40;8098,40;8098,40;0,00;16196,00;98207,75;98207,75;96899,90;1307,85;96899,90;1307,85
6391;"Annen kostnad lokaler";10835,05;7696,00;516,00;10632,14;72735,20;51672,40;2091,30;1442,40;477,60;2091,30;7659,40;477,60;168326,39;168326,39;35018,52;133307,87;35018,52;133307,87
6392;"Felleskostnader Grønnegata";11849,00;11849,00;11849,00;11849,00;11849,00;11849,00;11849,00;11849,00;11849,00;10543,00;11849,00;11849,00;140882,00;140882,00;352606,00;-211724,00;352606,00;-211724,00
6490;"Annen leiekostnad";0,00;0,00;0,00;1859,38;0,00;0,00;0,00;0,00;0,00;0,00;0,00;0,00;1859,38;1859,38;0,00;1859,38;0,00;1859,38
6540;"Inventar";0,00;0,00;0,00;0,00;0,00;0,00;0,00;0,00;0,00;0,00;0,00;0,00;0,00;0,00;28294,00;-28294,00;28294,00;-28294,00
6552;"Datautstyr (software)";0,00;1254,59;1916,92;0,00;2138,99;0,00;2298,21;0,00;2109,66;0,00;2067,76;0,00;11786,13;11786,13;11912,73;-126,60;11912,73;-126,60
6600;"Reparasjon og vedlikehold bygninger";0,00;0,00;0,00;3040,00;0,00;0,00;0,00;0,00;0,00;0,00;0,00;0,00;3040,00;3040,00;0,00;3040,00;0,00;3040,00
6701;"Honorar revisjon";0,00;0,00;0,00;0,00;11496,31;0,00;0,00;0,00;0,00;0,00;0,00;0,00;11496,31;11496,31;0,00;11496,31;0,00;11496,31
6702;"Honorar rådgivning revisjon";0,00;0,00;0,00;0,00;0,00;0,00;0,00;0,00;0,00;0,00;0,00;0,00;0,00;0,00;15977,74;-15977,74;15977,74;-15977,74
6795;"Annen Fremmed tjeneste, ikke opplysningspliktig";0,00;0,00;0,00;0,00;0,00;0,00;0,00;0,00;0,00;0,00;0,00;0,00;0,00;0,00;-3000,00;3000,00;-3000,00;3000,00
6890;"Annen kontorkostnad";0,00;0,00;0,00;657,58;0,00;0,00;0,00;0,00;0,00;0,00;0,00;0,00;657,58;657,58;199,76;457,82;199,76;457,82
6900;"Telefon";0,00;14013,00;0,00;0,00;14013,00;0,00;0,00;14013,00;0,00;0,00;14646,00;0,00;56685,00;56685,00;65670,00;-8985,00;65670,00;-8985,00
7140;"Reisekostnad, ikke oppgavepliktig";0,00;434,00;0,00;467,00;0,00;0,00;0,00;0,00;0,00;0,00;0,00;0,00;901,00;901,00;630,00;271,00;630,00;271,00
7500;"Forsikringspremie";0,00;17027,00;0,00;0,00;17024,00;0,00;0,00;17024,00;0,00;0,00;17024,00;0,00;68099,00;68099,00;64218,00;3881,00;64218,00;3881,00
7740;"Øredifferanser";-0,99;1,04;-0,20;0,29;-0,20;1,46;-0,78;0,91;-0,07;0,07;-0,16;0,79;2,16;2,16;-0,04;2,20;-0,04;2,20
7750;"Eiendoms- og festeavgift";0,00;0,00;16717,00;10893,50;3324,50;10068,00;3324,34;3324,50;10068,00;3324,50;3324,50;3324,50;67693,34;67693,34;69629,70;-1936,36;69629,70;-1936,36
7770;"Bank og kortgebyrer";593,37;1143,70;651,70;664,95;685,10;716,15;399,50;393,25;389,00;387,00;378,25;375,75;6777,72;6777,72;4661,30;2116,42;4661,30;2116,42
7790;"Annen kostnad, fradragsberettiget";0,00;0,00;0,00;0,00;0,00;0,00;0,00;0,00;0,00;0,00;0,00;0,00;0,00;0,00;22035,00;-22035,00;22035,00;-22035,00
8050;"Annen renteinntekt";0,00;0,00;0,00;0,00;-2,78;0,00;-38,52;0,00;0,00;0,00;0,00;0,00;-41,30;-41,30;-1363,50;1322,20;-1363,50;1322,20
8070;"Annen finansinntekt";0,00;0,00;0,00;0,00;0,00;-7015,00;0,00;0,00;0,00;0,00;0,00;0,00;-7015,00;-7015,00;-6431,00;-584,00;-6431,00;-584,00
8130;"Rentekostnad til foretak i samme konsern";0,00;0,00;56108,70;0,00;0,00;57005,34;0,00;0,00;58121,02;0,00;0,00;58411,63;229646,69;229646,69;201761,52;27885,17;201761,52;27885,17
8150;"Annen rentekostnad";0,00;0,00;287866,49;0,00;0,00;297790,69;0,00;0,00;288286,74;322,00;0,00;289547,47;1163813,39;1163813,39;1032206,45;131606,94;1032206,45;131606,94
8170;"Annen finanskostnad";0,00;0,00;2570,00;0,00;0,00;2570,00;0,70;0,00;70,00;0,00;0,00;2570,00;7780,70;7780,70;695,70;7085,00;695,70;7085,00
8320;"Endring utsatt skatt";0,00;0,00;0,00;0,00;0,00;0,00;0,00;0,00;0,00;0,00;0,00;-42058,74;-42058,74;-42058,74;-192886,26;150827,52;-192886,26;150827,52
8960;"Overføringer annen egenkapital";0,00;0,00;0,00;0,00;0,00;0,00;0,00;0,00;0,00;0,00;0,00;-940528,28;-940528,28;-940528,28;-683874,66;-256653,62;-683874,66;-256653,62
8990;"Udekket tap";0,00;0,00;0,00;0,00;0,00;0,00;0,00;0,00;0,00;0,00;0,00;0,00;0,00;0,00;0,00;0,00;0,00;0,00
