filnavn,sharpness,exposure,brisque,musiq,tag_score,total,manual
20201228_121146.jpg,3.09,9.59,8.78,9.89,5.52,5.76,6
20221020_050156.jpg,4.25,1.00,3.40,3.15,5.57,6.81,7
20221020_050220.jpg,1.88,10.00,1.29,6.48,5.28,7.71,9
20221103_022936.jpg,9.89,1.00,8.73,4.11,4.84,7.20,8
20221107_034938.jpg,1.65,10.00,3.79,5.72,6.65,8.00,9
20221116_230620.jpg,1.15,7.94,6.37,6.62,3.07,2.60,2
20221116_230622.jpg,1.49,9.58,5.15,8.50,3.90,4.14,2
20221116_230622_001.jpg,1.79,9.04,6.68,8.78,3.58,3.05,2
20221116_230622_002.jpg,1.01,9.43,5.67,4.52,4.46,5.01,4
20221116_230622_003.jpg,1.01,9.44,4.86,7.44,3.80,4.35,4
20221116_230626.jpg,8.53,9.11,4.77,7.81,5.82,6.05,5
20221116_230626_001.jpg,1.18,9.52,5.38,4.84,4.03,5.55,
20221116_230628.jpg,1.09,1.46,6.27,1.21,4.99,4.84,4
20221116_230628_001.jpg,1.15,1.00,5.36,2.61,3.95,2.11,2
20221116_230630.jpg,1.32,9.94,8.17,2.47,5.44,4.65,3
20221116_230630_001.jpg,1.11,7.87,5.06,1.00,3.85,1.36,2
20221116_230632.jpg,2.54,1.08,6.98,4.03,4.81,3.45,2
20221116_230634.jpg,1.91,8.50,6.58,5.83,4.36,4.60,3
20221116_230634_001.jpg,1.68,9.31,4.49,6.61,4.86,2.81,
20221116_230636.jpg,2.38,9.79,5.76,4.02,4.52,3.32,2
20221116_230636_001.jpg,1.32,8.99,7.90,2.48,4.53,3.30,
20221116_230638.jpg,1.27,9.27,7.90,3.69,5.41,4.83,4
20221116_230638_001.jpg,1.28,6.73,7.75,2.46,4.67,3.45,2
20221116_230640.jpg,4.55,1.42,6.90,4.27,3.79,2.73,2
20221116_230640_001.jpg,1.32,7.85,8.01,2.34,6.09,5.93,4
20221116_230640_002.jpg,1.10,1.00,6.00,2.11,4.49,4.16,2
20221116_230642.jpg,2.29,9.22,9.30,4.51,5.86,5.73,4
20221116_230642_001.jpg,7.81,5.47,10.00,3.09,4.65,4.13,3
20221116_230642_002.jpg,1.22,9.96,7.21,3.60,3.63,2.81,2
20221208_001158.jpg,1.01,1.00,6.42,1.77,4.28,2.99,2
20221208_001200.jpg,1.46,9.24,8.20,3.89,5.21,3.15,2
20221208_001202.jpg,1.75,9.50,8.57,5.91,5.55,4.15,2
20221208_001202_001.jpg,3.48,1.00,8.87,5.52,4.53,4.71,2
20221208_001204.jpg,1.40,7.62,6.23,1.93,4.73,3.84,4
20221208_001204_001.jpg,3.82,7.52,9.41,6.31,4.59,3.32,3
20221208_001206.jpg,1.26,9.57,6.34,1.00,5.36,4.68,4
20221208_001206_001.jpg,1.27,7.47,6.82,5.68,5.21,5.05,2
20221208_001208.jpg,1.99,8.80,8.83,4.97,5.63,4.56,3
20221208_001210.jpg,1.86,7.55,9.25,5.89,4.69,4.19,5
20221208_001212.jpg,1.21,8.39,6.89,1.00,4.97,3.02,2
20221208_001212_001.jpg,1.77,4.70,6.99,1.00,5.38,5.18,5
20221208_001214.jpg,2.32,7.15,6.30,5.48,5.54,5.82,5
20221208_001216.jpg,1.77,4.54,7.53,2.83,6.09,6.34,
20221208_001216_001.jpg,1.34,9.78,6.06,3.94,5.29,4.99,5
20221208_001220.jpg,1.00,9.99,7.42,6.16,4.57,3.90,5
20221208_001222.jpg,1.00,8.67,3.82,5.27,5.01,4.54,
20221208_001222_001.jpg,1.20,9.51,5.64,2.53,4.92,4.27,4
20221208_001224.jpg,1.12,9.27,6.60,1.56,4.14,4.23,
20221208_001224_001.jpg,1.49,9.70,6.55,7.51,4.34,4.05,
20221208_001228.jpg,1.00,5.29,6.06,1.00,4.72,3.16,
20221208_001228_001.jpg,1.00,7.25,5.49,3.27,3.70,3.74,
20260612_150000_001.jpg,1.81,7.99,1.00,5.40,4.19,5.45,7
20260612_150000.jpg,1.48,8.40,1.00,5.38,4.05,4.78,5
20260528_134719.jpg,4.65,9.80,7.70,5.28,4.26,3.50,3
20260528_134718_001.jpg,8.85,9.97,5.52,9.67,4.09,4.72,4
20260528_134718.jpg,8.24,9.98,6.69,10.00,4.02,4.27,4
20260528_134642.jpg,1.68,8.57,6.47,4.81,4.83,4.85,4
20260528_134641.jpg,1.99,9.02,7.76,6.07,4.00,4.51,4
20260528_134640.jpg,3.72,8.93,10.00,9.12,4.49,4.99,
20260528_134634.jpg,3.65,8.78,9.38,4.85,4.29,5.28,
20260528_134632.jpg,1.17,8.87,4.63,1.39,3.70,3.01,
20260528_134631.jpg,1.11,8.26,5.59,2.65,3.31,3.35,
20260528_134627.jpg,1.47,9.32,7.39,7.65,4.20,4.98,
20260528_134625.jpg,1.57,9.50,7.43,7.32,4.35,5.21,
20260528_134624.jpg,1.47,9.42,6.94,4.31,4.00,3.66,
20260528_134611.jpg,2.62,8.42,9.36,7.55,4.18,6.47,
20260528_134609.jpg,2.68,8.76,9.05,2.11,4.04,4.13,
20260528_134604.jpg,1.49,4.91,6.93,4.15,2.95,2.59,
20260528_134558.jpg,3.65,8.79,10.00,7.46,5.02,5.82,
20260528_134557.jpg,2.95,8.64,9.64,9.97,4.57,5.19,
20260528_134556.jpg,3.31,8.89,9.89,9.98,4.74,5.76,
20260528_134551.jpg,4.09,7.67,10.00,8.87,4.97,4.78,
20260528_134550.jpg,3.36,8.55,10.00,7.45,4.27,4.80,
20260528_134548.jpg,3.57,9.44,5.57,7.33,3.43,4.32,
20260528_134541.jpg,5.71,7.59,10.00,9.06,5.36,6.20,
20260528_134540.jpg,9.21,5.95,7.08,10.00,5.61,6.33,
20260528_134537.jpg,3.66,9.63,8.75,10.00,3.68,2.98,
20260523_150000_006.jpg,3.19,1.00,1.00,6.96,5.39,7.00,10
20260523_150000_005.jpg,5.39,1.00,1.73,2.43,5.08,6.39,10
20260523_150000_004.jpg,2.07,7.88,1.00,5.84,5.31,6.05,
20260523_150000_003.jpg,2.85,1.96,1.00,6.96,4.67,4.28,
20260523_150000_002.jpg,1.26,5.05,1.00,1.57,5.68,6.47,
20260523_150000_001.jpg,1.79,1.00,1.00,5.75,4.01,4.24,
20260523_150000.jpg,1.59,7.42,1.00,3.08,4.37,4.17,
20260217_135057.jpg,5.39,7.25,9.54,8.66,4.86,5.75,
20260217_135056.jpg,4.82,7.31,9.16,8.32,4.71,5.14,
20260217_135054_001.jpg,5.55,7.87,10.00,8.85,4.33,5.29,
20260217_135054.jpg,4.84,7.88,9.75,9.59,4.56,6.04,
20260217_125941_001.jpg,9.38,10.00,4.54,10.00,4.96,4.31,
20260217_125941.jpg,9.75,10.00,4.21,10.00,5.05,4.56,
20260217_125936_001.jpg,7.44,9.26,8.55,10.00,5.40,7.37,10
20260217_125936.jpg,6.35,9.26,8.71,10.00,5.39,7.35,
20260217_125907.jpg,7.45,9.22,10.00,10.00,4.77,5.79,
20260217_125906.jpg,7.52,9.23,10.00,10.00,4.70,5.62,
20260217_124626.jpg,10.00,9.58,8.38,9.88,4.31,5.91,
20260217_124625.jpg,10.00,9.09,9.95,9.27,4.26,6.11,
20260217_124624.jpg,8.96,8.96,9.86,9.08,3.98,5.36,
20260217_123615_001.jpg,10.00,9.70,3.72,10.00,3.68,4.00,
20260217_123615.jpg,10.00,9.89,3.66,10.00,3.80,4.25,
20260217_123612.jpg,4.77,9.47,8.33,8.83,4.81,4.20,
20260217_123611.jpg,4.90,9.47,8.49,8.89,4.64,4.13,
20260217_122811.jpg,6.07,9.34,4.55,9.26,4.11,4.52,
20260217_122809.jpg,4.48,9.41,7.55,7.89,4.19,3.57,
20250619_122636.jpg,3.23,9.67,8.27,8.02,5.77,6.44,
20250619_122629.jpg,10.00,1.14,8.67,9.76,6.41,7.07,
20250619_122628.jpg,10.00,1.00,7.82,10.00,6.43,7.23,
20250619_122625.jpg,10.00,3.53,6.64,10.00,6.34,7.49,7
20250619_122622.jpg,10.00,3.32,5.65,10.00,6.33,7.75,
20250619_122620.jpg,10.00,2.87,6.10,9.78,6.48,7.80,
20250321_141348.jpg,10.00,4.39,8.39,7.82,7.15,7.81,6
20250321_141346.jpg,10.00,2.38,8.91,4.79,6.58,6.95,8
20250321_141342.jpg,10.00,4.09,8.56,9.38,6.94,8.58,8
20250321_141334.jpg,10.00,6.75,4.15,9.21,5.66,8.38,9
20250321_141313.jpg,10.00,7.90,7.63,10.00,7.00,9.17,8
20250321_141220.jpg,6.60,5.10,10.00,6.45,6.93,7.53,9
20250321_141215.jpg,10.00,8.62,5.48,10.00,7.11,8.88,8
20250321_141200.jpg,10.00,7.99,7.13,8.57,6.78,8.68,
20250321_141155.jpg,10.00,7.43,6.56,10.00,6.46,8.96,
20250321_141144.jpg,10.00,9.22,8.93,8.94,6.18,6.96,
20250321_141142.jpg,10.00,8.90,5.20,10.00,5.79,6.55,
20250321_141135.jpg,6.80,1.00,9.63,2.34,6.27,6.52,
20250321_141128.jpg,8.55,8.56,10.00,6.50,7.84,8.17,9
20250321_141125.jpg,6.55,8.71,10.00,6.29,6.61,7.21,9
20250321_141122.jpg,7.31,3.40,8.90,8.20,6.44,8.77,8
20250321_141119.jpg,6.13,3.57,7.94,6.55,6.75,8.46,9
20250321_141117.jpg,4.33,3.16,10.00,5.34,6.76,7.36,9
20250321_141113.jpg,3.92,6.13,6.86,8.03,6.85,7.83,9
20250321_141111.jpg,4.27,6.61,8.37,7.30,6.63,7.78,
20250321_141110.jpg,3.36,6.23,7.69,7.15,6.56,8.03,
20250321_141055.jpg,10.00,7.19,9.08,10.00,6.55,8.45,
20250321_141050.jpg,10.00,6.10,9.35,9.83,7.02,10.00,
20250321_141045.jpg,10.00,8.15,7.51,10.00,7.05,8.09,
20250321_141043.jpg,10.00,8.10,7.08,10.00,7.48,9.12,9
20250321_141042.jpg,10.00,7.76,7.72,10.00,7.51,9.68,9
20250321_141036.jpg,10.00,9.16,2.72,9.22,7.21,8.38,9
20250321_141035.jpg,10.00,6.84,2.22,6.58,6.96,8.07,
20250321_141031.jpg,5.31,6.73,9.42,7.26,7.25,7.83,
20250321_141030.jpg,6.72,6.79,9.67,7.28,7.39,8.16,
20250129_131504.jpg,4.22,7.14,8.74,7.64,5.44,5.54,
20250129_131500.jpg,5.17,7.66,8.34,10.00,6.01,6.62,
20250129_131458.jpg,2.08,8.17,6.64,7.76,5.91,6.66,7
20250109_122205.jpg,3.23,9.85,5.42,8.52,4.65,5.87,7
20250109_122201.jpg,4.67,10.00,4.08,8.43,4.47,5.83,
20250109_122132.jpg,4.44,9.29,6.46,10.00,4.11,5.32,7
20250109_122003.jpg,1.96,8.32,9.78,4.68,5.51,6.90,8
20250109_122002.jpg,2.15,8.34,9.59,4.99,5.50,6.95,
20250109_121944.jpg,6.93,2.12,6.28,7.01,6.24,6.91,9
20250109_121936.jpg,2.16,6.39,7.20,3.74,5.50,5.45,8
20250109_121930.jpg,2.80,4.74,7.04,5.03,6.19,6.43,8
20250109_121924.jpg,2.62,8.45,9.82,8.04,6.21,7.20,10
20250109_121922.jpg,1.97,8.42,10.00,8.13,6.25,6.94,
20250109_121920.jpg,2.28,8.48,9.91,7.72,6.23,7.16,10
20250109_120033.jpg,4.55,9.12,7.30,10.00,3.36,2.97,
20250109_120030.jpg,9.66,9.60,8.07,10.00,3.71,3.03,
20250109_120016.jpg,4.31,7.09,7.27,9.72,4.22,4.89,
20250109_120008.jpg,6.46,7.46,8.60,8.12,4.34,4.19,
20250109_120001.jpg,1.00,9.06,3.29,6.23,2.97,2.74,4
20250109_115954.jpg,3.55,9.39,3.57,7.65,3.32,3.74,5
20250109_115221.jpg,1.06,10.00,3.52,5.55,4.57,4.75,6
20250109_115215.jpg,1.06,9.64,5.16,7.21,5.18,4.74,6
20250109_115153.jpg,2.20,9.34,2.78,7.58,3.88,4.21,5
20250109_115148.jpg,2.12,9.64,6.74,9.43,3.42,3.18,5
20250109_114759.jpg,2.67,9.15,6.19,8.39,4.44,3.67,4
20250109_114756.jpg,1.23,9.32,1.00,7.72,5.18,4.54,4
20250109_114750.jpg,1.89,9.61,6.84,8.72,3.95,3.17,
20250109_114745.jpg,1.67,9.12,8.46,7.65,4.39,4.28,4
20250109_114732.jpg,2.15,10.00,1.00,5.96,3.87,4.58,5
20231113_143333.jpg,7.05,9.12,6.03,7.88,5.00,4.58,4
20231113_142742.jpg,1.19,10.00,6.76,3.08,3.53,3.45,5
20231113_142529.jpg,2.08,8.92,9.37,7.31,3.97,5.36,7
20231113_142419.jpg,3.11,8.07,6.49,8.19,4.06,3.92,4
20231113_142251.jpg,2.18,9.57,7.98,8.28,4.46,4.60,6
20231113_142134.jpg,2.56,9.87,6.44,9.20,4.21,4.41,
20231113_142025.jpg,3.02,10.00,5.31,8.80,4.13,3.63,
20231113_141733.jpg,1.77,8.34,8.63,2.20,5.07,5.15,
20230602_093222.jpg,9.79,9.24,6.99,9.92,5.15,5.58,5
20230602_093207.jpg,10.00,9.05,7.17,9.97,4.81,5.73,5
20230602_093200.jpg,10.00,9.22,5.89,10.00,4.89,4.79,
20230126_151114.jpg,1.00,4.79,2.94,1.00,4.59,4.12,
20230126_142614.jpg,1.00,6.23,1.00,1.52,5.18,4.52,
20230126_142601.jpg,1.00,6.17,1.00,4.96,5.07,4.06,4
20230126_142548.jpg,1.00,7.05,1.00,5.84,5.95,5.88,6
20230126_142533.jpg,1.00,7.96,1.00,5.19,4.99,4.69,6
20230126_142528.jpg,1.00,3.52,2.07,1.62,4.66,3.11,2
20230126_142410.jpg,3.95,7.62,6.68,7.50,5.72,5.07,
20230126_142354.jpg,1.71,4.00,8.05,4.20,5.71,6.57,7
20230126_142304.jpg,1.60,9.45,6.76,7.25,5.20,4.71,7
20230126_142245.jpg,1.91,9.63,7.15,5.55,6.33,7.88,9
20230126_141321.jpg,1.62,4.83,9.53,5.17,5.99,6.50,8
20230126_141312.jpg,1.29,7.48,8.82,1.00,5.67,5.32,7
20230126_131709.jpg,3.12,2.10,8.61,2.70,5.76,5.95,8
20230126_131701.jpg,5.16,1.19,6.56,2.95,5.84,6.43,
20230126_131646.jpg,2.50,3.83,6.37,5.07,6.57,7.78,10
20230126_131640.jpg,2.20,3.60,6.48,6.96,6.39,8.08,10
20230126_131611.jpg,1.45,5.49,7.47,1.00,5.97,6.90,9
20230126_131556.jpg,1.31,3.60,3.35,2.87,5.95,7.97,10
20230126_131539.jpg,1.39,4.54,6.24,1.00,6.22,7.34,10
20230126_131527.jpg,1.87,1.60,8.57,6.55,6.39,7.36,9
20230126_131520.jpg,2.24,1.43,5.74,6.32,6.33,7.48,
20230126_131446.jpg,2.38,6.48,5.72,6.72,6.56,7.48,10
20230126_131419.jpg,2.03,2.71,7.64,4.55,6.49,8.60,10
20230126_131411.jpg,1.13,6.87,5.05,1.00,5.67,5.75,
20230126_131406.jpg,1.04,6.60,4.84,1.00,5.31,4.84,
20230126_131357.jpg,4.23,5.20,7.57,8.94,6.48,8.10,
20230126_131355.jpg,2.75,5.37,6.51,8.82,6.39,8.11,
20230126_131352.jpg,1.92,7.16,7.25,3.78,6.13,7.65,
20230126_131342.jpg,2.87,7.25,8.89,1.00,6.40,7.46,9
20230126_131326.jpg,1.30,4.03,8.10,1.46,6.15,7.09,
20230126_131314.jpg,1.36,3.89,6.86,1.00,6.78,7.70,10
20230126_131305.jpg,8.71,1.46,9.33,2.49,7.17,8.46,
20230126_131302.jpg,4.95,5.07,8.51,4.83,6.66,8.17,
20230126_131258.jpg,3.04,5.10,6.06,7.64,6.44,9.24,10
20230126_131251.jpg,1.89,4.98,5.20,4.06,6.87,8.61,
20230126_131231.jpg,7.78,6.23,9.89,4.57,6.56,8.30,
20230126_131216.jpg,4.49,6.94,3.48,3.58,5.74,6.81,
20230126_131210.jpg,2.62,8.31,5.57,3.35,5.27,5.43,7
20230126_131159.jpg,3.56,9.39,8.73,3.08,6.06,6.84,8
20230126_131158.jpg,3.80,9.47,9.37,2.65,6.04,7.17,
20230126_131145.jpg,10.00,9.52,8.18,8.06,6.17,7.51,10
20230126_131138.jpg,7.99,6.47,4.95,8.93,6.08,7.06,
20230126_131136.jpg,4.62,7.13,7.68,7.69,5.49,6.07,
20230126_131134.jpg,5.43,9.31,10.00,6.61,7.08,7.65,10
20230126_131122.jpg,8.39,5.40,1.86,1.30,5.68,6.61,8
20230126_131121_001.jpg,10.00,4.13,1.25,3.34,5.77,6.51,
20230126_131121.jpg,9.45,4.88,1.49,3.23,5.40,6.71,
20230126_131120.jpg,9.62,4.79,1.53,4.37,5.61,6.54,
20230126_131107.jpg,3.57,3.25,6.07,1.00,6.25,6.89,6
20230126_131106.jpg,10.00,5.06,5.51,2.30,6.16,7.57,8
20230126_131050.jpg,10.00,5.40,7.05,6.38,4.87,6.54,
20230126_131037.jpg,8.40,8.27,6.44,3.92,5.33,6.37,9
20230126_131031.jpg,10.00,7.80,1.00,6.89,4.72,6.36,
20230126_131016.jpg,5.39,8.03,6.55,1.21,5.75,6.10,6
20230126_131010.jpg,7.99,8.15,7.31,1.09,6.32,7.17,7
20230126_131009.jpg,10.00,8.36,8.65,8.44,6.25,6.71,7
20230126_131008.jpg,9.73,8.31,8.30,7.82,6.52,7.45,
20230126_131000.jpg,9.52,1.00,6.48,2.48,6.26,6.60,
20230126_130958.jpg,9.12,8.47,10.00,1.00,6.06,6.73,
20230126_130954.jpg,6.33,1.00,9.51,1.72,6.61,6.64,7
20230126_130953.jpg,6.17,1.00,9.65,1.33,6.57,6.83,
20230126_130950.jpg,10.00,8.69,4.63,8.79,5.17,6.24,
20230126_130934.jpg,10.00,7.57,2.50,8.27,4.05,5.63,
20230126_130929.jpg,10.00,8.19,2.82,6.75,5.31,5.94,
20230126_130913.jpg,10.00,8.18,1.00,3.09,4.75,6.18,
20230126_130911.jpg,4.03,5.11,9.05,6.31,6.74,7.87,
20230126_130909.jpg,5.00,5.34,7.78,6.74,6.64,8.32,
20230126_130908.jpg,10.00,8.31,4.87,7.33,4.62,6.48,8
20230126_130901.jpg,4.30,7.00,6.42,9.30,6.54,7.90,
20230126_130900.jpg,1.05,6.87,6.78,1.00,6.28,4.29,1
20230126_130856.jpg,5.13,5.94,7.96,3.59,5.47,5.51,
20230126_130849.jpg,5.71,5.53,9.04,5.40,6.95,7.38,9
20230126_130845.jpg,4.88,2.33,8.57,4.58,6.47,8.11,
20230126_130841.jpg,10.00,7.48,3.85,4.06,4.99,5.99,
20230126_130835.jpg,1.48,9.61,5.02,3.57,5.62,6.54,8
20230126_130831_001.jpg,10.00,9.42,6.13,8.84,5.62,7.58,
20230126_130831.jpg,5.09,4.85,7.43,6.27,6.65,8.34,
20230126_130829.jpg,3.00,4.66,7.33,6.06,6.22,7.42,9
20230126_130828.jpg,1.43,5.96,10.00,3.07,6.54,7.73,7
20230126_130824.jpg,4.30,4.34,7.50,7.25,6.35,6.36,
20230126_130822.jpg,4.14,4.81,6.16,7.59,7.17,7.84,
20230126_130821.jpg,4.21,4.84,6.59,7.94,6.88,7.15,
20230126_130812.jpg,7.91,8.82,7.61,7.88,5.91,6.72,7
20230126_130756.jpg,10.00,9.04,1.14,7.84,6.04,7.32,
20230126_130748.jpg,10.00,8.77,1.82,7.88,5.17,6.59,
20230126_130744.jpg,10.00,6.86,1.00,5.80,4.02,4.94,
20230126_130743.jpg,7.65,2.79,9.69,8.15,5.96,6.94,
20230126_130740.jpg,5.70,6.78,9.13,7.35,5.44,6.53,8
20230126_130727.jpg,1.99,9.42,6.00,8.21,6.50,8.22,
20230126_130712.jpg,1.00,4.63,1.79,1.00,5.89,5.54,6
20230126_130706.jpg,8.52,4.26,7.84,7.96,6.48,7.53,
20230126_130704.jpg,8.09,4.46,7.10,7.65,6.43,6.49,7
20230126_130658.jpg,3.61,4.32,8.18,6.95,6.47,7.48,7
20230126_130657_001.jpg,1.11,4.51,6.27,1.00,5.98,5.74,5
20230126_130657.jpg,2.87,4.97,7.53,6.61,6.21,6.76,
20230126_130646.jpg,2.77,3.04,10.00,2.92,5.70,5.97,7
20230126_130645.jpg,2.48,2.17,8.98,3.07,5.30,5.25,
20230126_130643.jpg,3.52,4.09,9.52,4.98,5.73,5.71,
20230126_130641.jpg,1.00,9.20,5.31,3.24,5.54,4.55,2
20230126_130631.jpg,3.35,1.00,8.52,3.87,6.14,7.18,
20230126_130625.jpg,1.93,1.00,6.77,1.24,4.60,4.91,6
20230126_130621.jpg,1.90,1.00,8.71,1.00,6.30,6.52,6
20230126_130618.jpg,1.29,1.00,6.88,1.00,6.15,6.07,2
20230126_130616.jpg,1.21,1.00,4.42,1.00,6.38,7.27,
20230126_130612.jpg,1.00,9.80,6.62,3.96,4.30,2.42,1
20230126_130606.jpg,1.05,9.31,5.72,1.00,4.89,3.54,3
20230126_130604.jpg,2.73,3.29,8.59,3.08,6.01,5.21,
20230126_130601.jpg,1.71,3.75,8.82,3.12,5.79,6.59,4
20230126_130600.jpg,1.36,3.15,6.83,1.00,4.81,4.29,4
20230126_130557.jpg,2.67,6.94,8.31,8.18,5.57,5.64,4
20230126_130551.jpg,1.03,9.67,5.93,5.96,4.83,3.64,4
20230126_130550.jpg,1.52,1.66,10.00,1.00,6.16,5.45,4
20230126_130547.jpg,7.04,3.78,9.21,4.08,5.95,6.65,
20230126_130546.jpg,1.00,8.68,4.99,5.02,5.19,3.39,
20230126_130518.jpg,4.18,5.98,10.00,1.83,5.66,5.45,4
20230126_130514.jpg,6.13,1.00,3.03,1.90,6.26,6.49,5
20230126_130511.jpg,10.00,2.58,1.00,4.21,5.06,6.24,
20230126_130304.jpg,1.37,1.00,7.19,1.70,5.41,4.96,
20230126_130250.jpg,3.26,3.40,8.86,5.29,6.47,7.27,6
20230126_130248.jpg,3.65,3.89,9.07,5.33,6.58,6.57,
20230126_130246.jpg,3.84,4.53,8.73,4.34,6.18,5.83,
20230126_130241.jpg,3.03,6.88,6.87,3.19,6.33,6.68,
20230126_130153.jpg,1.08,3.74,5.89,5.30,5.52,5.23,
20230126_130139.jpg,1.40,2.59,8.72,6.15,4.89,3.90,4
20230126_130132.jpg,4.20,8.55,2.03,3.43,4.07,5.07,3
20230126_130128.jpg,2.54,6.39,6.41,3.01,4.86,5.36,7
20230126_130117.jpg,1.28,9.14,8.51,3.17,5.75,5.43,6
20230126_130107.jpg,1.73,9.28,9.95,4.00,5.96,5.32,4
20230126_130057.jpg,3.01,9.88,6.96,1.00,5.35,4.51,4
20230126_130037.jpg,10.00,1.00,4.36,3.36,5.83,6.34,
20230126_130029.jpg,10.00,1.16,1.00,1.59,5.03,5.88,
20230126_130026.jpg,4.52,1.00,1.00,1.49,5.50,4.98,4
20230126_130019.jpg,1.37,1.41,10.00,5.57,6.52,6.19,5
20230126_130009.jpg,2.85,9.73,9.89,6.51,6.16,6.29,
20230126_130002.jpg,3.03,9.83,9.21,3.47,6.32,6.18,
20230126_125905.jpg,1.16,9.90,8.45,1.00,4.00,2.58,
20230126_125838.jpg,2.30,6.73,9.98,6.66,4.88,5.10,
20230126_125836.jpg,1.97,7.18,10.00,7.24,5.00,4.90,6
20230126_125823.jpg,6.38,5.80,1.00,4.74,4.75,5.85,
20230126_125818.jpg,10.00,8.94,6.39,8.45,5.74,7.48,
20230126_125205.jpg,1.25,7.94,2.19,1.00,6.53,6.51,8
20230126_125204.jpg,1.27,5.59,1.07,1.00,6.48,6.29,
20230126_125203.jpg,1.39,5.82,1.25,1.00,5.98,6.02,
20230116_113847.jpg,5.23,9.05,6.99,10.00,5.79,5.92,
20230116_113842.jpg,3.89,9.36,9.46,9.31,5.56,5.71,
20230116_113837.jpg,5.88,9.58,8.75,10.00,5.62,5.87,
20230116_113821.jpg,3.25,9.89,7.66,7.61,5.54,4.54,
20230116_113820.jpg,2.57,9.94,7.87,6.56,5.68,4.21,
20230116_113804.jpg,4.83,6.18,5.61,10.00,5.76,4.98,
20230116_113800.jpg,10.00,9.16,6.15,10.00,5.78,7.31,
20230116_113757_001.jpg,8.66,9.15,6.81,7.34,5.79,6.33,
20230116_113757.jpg,8.78,9.26,6.76,6.88,5.39,6.49,
20230116_113756.jpg,8.28,9.10,6.96,7.93,5.85,6.42,
20230116_113748.jpg,3.52,8.17,1.00,6.57,5.41,5.32,5
20230116_113722.jpg,4.69,8.99,6.57,9.58,5.74,6.72,
20230116_113715.jpg,5.52,9.52,8.50,9.54,5.68,6.09,
20230116_113714.jpg,5.79,9.20,8.50,10.00,6.23,8.35,8
20230116_113709.jpg,2.41,9.40,8.02,7.68,4.59,4.73,
20230116_113705.jpg,4.82,9.02,6.47,8.67,4.91,5.90,7
20230116_113701.jpg,6.05,9.06,8.56,8.21,4.52,7.01,
20230116_113658.jpg,1.76,7.64,6.73,1.00,4.30,4.70,8
20230116_113654.jpg,1.71,9.58,6.73,1.73,4.04,3.13,
20230116_113648.jpg,5.00,3.78,8.71,6.52,4.13,4.56,
20230116_113646.jpg,4.25,4.19,6.99,2.27,4.52,4.17,
20230116_113638.jpg,4.42,4.82,8.26,5.57,3.89,4.70,
20230116_113637.jpg,4.22,7.30,8.58,8.83,4.60,5.25,
20230116_113634.jpg,2.51,4.68,8.25,6.95,3.89,3.07,
20230116_113632.jpg,1.49,5.67,5.60,3.64,4.66,4.07,
20230116_113627.jpg,3.12,5.79,4.20,7.37,4.58,5.82,
20230116_113623.jpg,2.90,6.66,9.78,7.99,3.92,4.35,
20230116_113618.jpg,4.19,8.40,6.15,9.67,4.05,6.06,8
20230116_113613.jpg,4.97,8.05,8.12,10.00,4.60,6.90,
20230116_113612.jpg,5.06,8.11,8.13,10.00,4.29,6.07,
20230116_113600.jpg,1.81,1.00,9.91,5.11,4.91,4.59,
20230116_113559.jpg,1.82,3.77,8.35,5.83,4.61,4.68,7
20230116_113551.jpg,2.51,4.78,9.01,7.85,5.51,5.16,5
20230116_113548.jpg,3.33,4.19,8.38,7.00,5.07,5.93,7
20230116_113543.jpg,2.78,7.31,5.67,8.07,5.64,5.86,7
20230116_113540.jpg,7.68,8.72,9.37,10.00,5.42,6.13,
20230116_113539.jpg,4.82,8.93,8.04,9.04,5.41,5.69,
20230116_113531.jpg,2.59,7.12,7.79,6.55,5.42,5.77,
20230116_113529.jpg,5.07,7.53,8.63,8.78,5.09,5.51,2
20230116_113521.jpg,2.54,2.37,9.75,6.45,5.75,5.40,
20230116_113520.jpg,2.15,6.85,8.04,8.53,5.10,5.06,
20230116_113519.jpg,2.30,6.56,7.92,8.61,5.24,4.79,
20230116_113516_001.jpg,3.34,5.37,7.79,6.90,5.08,5.54,
20230116_113516.jpg,3.51,5.29,8.11,7.54,5.20,5.48,
20230116_113514.jpg,3.85,7.41,7.59,7.71,5.77,6.17,7
20230116_113454.jpg,3.10,7.98,8.29,7.07,5.12,4.92,
20230116_113450.jpg,2.34,5.94,7.08,6.24,5.20,4.82,
20230116_113447.jpg,5.41,8.45,6.50,10.00,4.30,5.79,7
20230116_113446.jpg,5.16,8.80,6.72,10.00,4.09,5.11,7
20230116_113439.jpg,5.31,2.51,10.00,7.55,4.85,6.04,7
20230116_113438.jpg,6.10,2.62,10.00,8.21,5.19,6.67,
20230116_113416.jpg,6.57,7.29,8.52,9.84,4.61,6.80,
20230116_113415.jpg,4.41,6.09,7.79,9.63,4.50,5.59,
20230116_113414.jpg,4.69,6.16,7.88,9.96,4.50,6.40,
20230116_113353_001.jpg,3.45,3.68,4.46,7.21,5.16,5.90,
20230116_113353.jpg,4.45,3.73,5.37,6.73,5.04,5.74,
20230116_113346.jpg,4.61,4.63,7.46,6.35,6.08,5.95,
20230116_113339.jpg,4.58,5.28,9.75,9.80,5.72,6.92,
20230116_113332.jpg,4.63,6.44,9.83,8.52,5.34,5.93,
20230116_113329.jpg,10.00,7.00,7.59,10.00,4.86,7.69,
20230116_113323.jpg,5.24,8.27,6.99,7.36,6.32,7.39,
20230116_113320.jpg,10.00,5.69,8.79,9.53,6.35,9.22,
20230116_113317.jpg,5.93,6.10,9.19,9.48,4.96,7.15,
20230116_113315.jpg,3.19,6.38,9.50,9.22,4.93,6.71,
20230116_113309.jpg,1.23,5.89,9.92,7.37,4.55,3.69,
20230116_113254.jpg,1.49,1.00,8.27,7.61,3.87,4.14,
20230116_113253.jpg,1.30,1.00,7.90,7.12,4.36,4.26,
20230116_113228.jpg,3.99,6.54,8.33,9.54,4.98,6.85,
20230116_113225.jpg,3.34,4.19,8.64,9.58,6.31,8.41,
20230116_113221.jpg,3.64,9.45,8.70,9.06,4.82,6.10,
20230116_113216.jpg,3.22,9.81,9.69,8.38,4.70,5.81,
20230116_113127.jpg,2.86,4.24,8.51,6.37,6.01,6.12,7
20230116_113126.jpg,2.90,3.84,8.59,6.43,5.50,5.76,
20230116_113117.jpg,1.86,3.72,7.08,5.83,5.78,6.03,
20230116_113114.jpg,1.76,4.40,7.71,6.76,5.77,5.60,
20230116_113111.jpg,2.15,1.43,8.47,4.92,5.93,5.00,
20230116_113105.jpg,2.39,3.29,8.67,5.26,5.61,5.69,
20230116_113104.jpg,1.54,3.76,8.31,5.57,5.38,5.35,
20230116_113100.jpg,1.11,1.00,6.53,4.30,5.15,5.40,
20230116_113057.jpg,1.47,1.00,4.85,7.69,5.30,4.82,7
20230116_113054.jpg,1.50,1.00,6.31,5.01,5.97,5.11,
20230116_113052.jpg,2.80,3.41,6.04,4.65,5.48,6.17,
20230116_113051.jpg,2.22,1.06,8.29,4.64,6.13,6.05,
20230116_113047.jpg,2.05,1.00,8.55,2.93,5.87,4.48,
20230116_113042.jpg,1.79,1.00,8.73,6.05,6.02,5.06,7
20230116_113037.jpg,4.03,6.11,8.88,8.77,5.07,3.85,
20230116_113032.jpg,1.64,1.86,7.35,6.82,5.90,4.78,
20230116_113031.jpg,2.00,2.72,6.95,7.58,5.55,5.21,
20230116_113026.jpg,4.10,6.06,8.72,8.22,6.04,7.12,
20230116_113025.jpg,3.62,5.95,8.29,9.23,5.88,6.76,
20230116_113022.jpg,8.36,3.40,8.84,8.35,6.23,6.28,7
20230116_113020.jpg,5.03,4.26,9.56,9.08,6.16,6.16,
20230116_113016.jpg,3.45,9.30,6.11,7.02,5.82,5.10,3
20230116_113011_001.jpg,10.00,7.15,5.86,9.91,5.17,5.62,
20230116_113011.jpg,6.38,7.13,4.90,9.04,5.26,5.43,
20230116_113001.jpg,2.81,8.24,7.25,9.85,5.21,5.15,7
20230116_112956.jpg,2.83,7.18,6.72,8.39,4.44,4.69,
20230116_112955.jpg,6.03,6.50,7.19,9.26,4.57,5.30,
20230116_112954.jpg,5.03,6.38,6.87,8.48,4.67,5.53,
20230116_112855.jpg,1.00,1.91,1.40,4.50,5.54,5.94,7
20230116_112837.jpg,1.00,1.00,1.00,2.76,5.47,5.28,
20230116_112815.jpg,1.27,1.00,1.60,1.00,5.36,6.37,
20230116_112729.jpg,1.25,1.64,7.21,4.59,5.29,6.07,
20230116_112622.jpg,1.03,3.01,1.00,5.97,5.12,5.99,
20230116_112601.jpg,1.00,1.00,1.00,3.75,5.35,6.18,
20230116_112544.jpg,1.03,1.63,2.72,6.02,4.97,5.67,
20230116_112418.jpg,1.93,6.00,7.56,5.75,5.92,5.65,
20230116_112415.jpg,1.51,3.65,8.89,5.05,6.42,5.93,
20230116_112409.jpg,1.73,6.01,6.74,7.32,5.66,5.34,
20230116_112407.jpg,1.07,3.64,5.49,3.93,5.63,4.25,1
20230116_112406.jpg,1.64,4.06,7.08,6.43,6.19,6.10,
20230116_112402_001.jpg,1.00,4.18,3.96,5.79,5.00,4.41,4
20230116_112402.jpg,1.65,1.00,9.35,3.27,5.91,6.04,
20230116_112359.jpg,1.39,5.94,6.71,6.78,5.68,5.72,
20230116_112356.jpg,2.39,8.00,8.87,5.17,6.46,8.04,7
20230116_112350.jpg,7.32,7.97,8.93,10.00,5.93,6.77,
20230116_112344.jpg,1.58,9.69,8.42,7.09,5.57,6.15,
20230116_112337.jpg,1.35,9.14,6.78,7.16,5.54,7.05,
20230116_112336.jpg,2.72,1.00,10.00,4.12,5.75,5.38,
20230116_112332_002.jpg,1.08,8.25,6.60,5.69,6.12,6.74,
20230116_112332_001.jpg,1.93,1.00,8.59,5.00,6.01,5.42,4
20230116_112332.jpg,1.86,2.39,9.33,5.28,5.84,4.96,
20230116_112329_001.jpg,3.10,5.24,7.67,8.22,5.25,5.01,4
20230116_112329.jpg,3.44,5.76,7.74,8.98,5.10,5.08,
20230116_112320.jpg,3.23,1.00,8.76,4.83,5.94,5.76,
20230116_112319.jpg,2.73,1.00,8.52,4.79,5.97,5.73,
20230116_112317.jpg,2.40,1.00,7.89,4.10,6.23,6.37,
20230116_112316.jpg,1.45,1.00,6.38,3.50,6.11,5.47,
20230116_112215.jpg,1.37,4.98,6.85,4.79,5.68,5.72,
20230116_112211.jpg,3.24,1.30,8.57,8.18,6.52,7.38,7
20230116_112206.jpg,1.69,1.87,4.67,5.53,4.93,4.86,
20230116_112158.jpg,3.02,1.75,8.36,4.71,5.61,5.37,
20230116_112131.jpg,1.54,3.96,6.24,4.16,5.77,4.88,
20230116_112130.jpg,2.16,4.15,8.01,6.46,5.52,4.82,
20230116_112128.jpg,2.12,3.93,7.22,6.43,5.51,5.04,
20230116_112124.jpg,1.96,5.15,8.45,6.26,5.72,5.53,
20230116_112122.jpg,1.90,6.85,6.81,7.57,5.41,5.33,
20230116_112119.jpg,3.33,7.07,7.84,7.35,5.94,5.57,
20230116_112105.jpg,2.36,6.14,7.26,8.04,5.84,5.98,
20230116_112104.jpg,2.40,6.59,7.10,7.76,5.82,6.65,7
20230116_112051.jpg,1.32,1.00,4.87,5.99,5.10,4.65,4
20230116_112048.jpg,1.27,1.00,4.13,2.84,5.41,5.47,
20230116_112045.jpg,1.77,1.00,5.46,1.00,5.36,4.79,3
20230116_112030.jpg,2.74,6.48,8.01,6.48,5.36,5.15,
20230116_112026.jpg,2.26,3.69,8.02,4.76,5.27,4.83,
20230116_112024.jpg,3.76,6.85,8.94,8.45,5.56,5.67,
20230116_112020.jpg,2.50,7.18,10.00,7.81,5.37,5.37,3
20230116_112012.jpg,4.44,5.28,7.19,8.79,4.62,4.42,4
20230116_112005.jpg,4.73,1.00,8.15,3.39,5.55,6.43,
20230116_112002.jpg,3.73,3.67,7.08,6.20,4.92,5.17,
20230116_111959.jpg,2.59,4.31,7.07,6.27,4.88,4.61,4
20230116_111957.jpg,5.99,3.74,7.46,6.95,5.00,6.25,
20230116_111954.jpg,3.25,2.20,8.27,5.86,5.16,5.14,5
20230116_111953.jpg,2.36,2.57,7.77,4.60,4.94,5.12,
20230116_110250.jpg,1.18,7.65,5.81,1.00,4.92,3.34,2
20230116_110249.jpg,1.17,7.73,5.79,1.00,4.72,2.64,2
20230116_110242.jpg,10.00,8.12,3.42,9.38,6.45,7.55,8
20230116_110241.jpg,8.10,8.37,3.32,8.85,7.04,7.66,
20230116_110238.jpg,7.73,8.03,2.43,9.64,6.32,7.73,9
20230116_110232.jpg,2.86,7.67,3.83,5.28,5.30,3.40,3
20230116_110231.jpg,4.60,7.92,3.13,6.43,5.62,4.08,
20230116_110211.jpg,4.93,8.44,5.02,6.27,6.18,5.11,
20230116_110210.jpg,5.15,8.30,5.19,8.14,6.53,6.26,6
20230116_110206.jpg,10.00,8.63,5.56,8.68,6.04,6.50,6
20230116_110204.jpg,8.90,8.66,5.59,8.48,5.59,5.74,
20230116_110057.jpg,10.00,8.67,5.77,8.94,6.25,6.98,7
20230116_110045.jpg,6.92,7.91,2.45,7.87,5.91,6.33,6
20230116_110044.jpg,6.72,7.82,2.65,7.79,6.04,6.78,
20230116_110039.jpg,5.28,9.00,5.41,7.96,7.13,7.32,
20230116_110036.jpg,2.68,8.62,4.22,7.19,5.37,4.97,
20230116_110032.jpg,5.20,8.47,5.08,9.30,6.70,6.86,8
20230116_110008.jpg,6.32,8.10,5.04,8.95,6.60,7.78,8
20230116_110004.jpg,5.87,8.50,5.82,9.22,6.43,7.17,8
20230116_105942.jpg,3.77,8.57,3.96,5.43,6.31,5.43,5
20230116_105928.jpg,3.46,8.37,5.02,6.70,6.77,6.12,
20230116_105926.jpg,4.18,8.76,4.37,5.16,6.55,5.95,4
20230116_105920.jpg,10.00,9.47,1.83,9.32,5.00,5.29,4
20230116_105917.jpg,8.23,8.91,1.00,9.23,6.15,6.46,5
20230113_143401.jpg,8.41,7.82,6.74,8.23,3.95,3.69,3
20230113_142422.jpg,2.26,9.72,7.56,6.87,5.03,4.95,
20230113_142415.jpg,4.73,9.56,7.28,8.70,5.66,6.47,
20230113_142400.jpg,2.26,9.59,8.76,7.96,4.64,4.97,
20230113_142351.jpg,1.49,8.94,7.20,6.72,5.08,4.91,
20230113_142338.jpg,2.17,8.05,6.99,5.65,5.48,4.57,
20230113_142329.jpg,2.04,8.89,10.00,8.22,5.33,5.62,7
20230113_142303.jpg,1.00,9.37,5.83,1.00,4.28,1.40,1
20230113_142252.jpg,3.34,8.52,9.68,7.00,5.46,5.44,5
20230113_142238.jpg,1.10,8.65,5.31,1.00,4.11,1.93,1
20230113_142235.jpg,1.26,9.36,7.99,7.59,5.67,5.38,
20230113_142154.jpg,2.15,8.96,10.00,7.05,5.27,5.38,
20230113_142141.jpg,1.52,7.19,5.80,6.39,6.08,6.28,
20230113_142119.jpg,2.12,9.78,8.54,7.72,5.19,5.04,
20230113_142107.jpg,2.38,7.32,9.45,6.61,5.79,6.27,
20230113_142053.jpg,1.00,4.82,4.00,4.21,5.59,5.18,
20230113_142045.jpg,2.19,9.54,6.52,6.94,5.97,5.55,
20230113_142034.jpg,3.17,9.95,8.08,9.94,5.04,5.48,
20230113_142026.jpg,1.57,8.92,10.00,2.85,5.57,6.66,7
20230113_142023.jpg,4.55,5.43,8.05,4.07,5.38,6.94,
20230113_142018.jpg,1.69,6.35,8.33,4.04,5.11,4.39,
20230113_142013.jpg,3.05,1.00,7.43,1.00,4.65,3.45,4
20230113_142006.jpg,2.27,9.50,7.35,8.02,5.22,5.55,
20230113_141927.jpg,2.24,10.00,7.68,4.41,4.58,3.22,4
20230113_141912.jpg,6.48,9.84,9.03,9.52,5.32,5.84,4
20230113_141902.jpg,3.54,9.97,9.20,7.47,5.46,4.81,
20230113_141851.jpg,1.89,9.95,7.33,6.83,5.31,4.71,4
20230113_141841.jpg,2.30,10.00,6.17,3.94,4.88,4.64,
20230113_141802.jpg,1.97,9.97,7.24,8.84,4.97,4.56,5
20230113_141750.jpg,1.67,9.96,8.28,8.54,4.14,2.16,
20230113_141732.jpg,1.96,9.57,5.60,5.26,5.54,6.50,
20230113_141709.jpg,1.24,9.90,5.49,4.88,5.52,5.59,4
20230113_141705.jpg,1.94,4.20,4.55,6.21,5.22,5.37,5
20230113_141702.jpg,3.90,8.33,10.00,1.00,6.19,7.27,
20230113_141659.jpg,4.25,9.39,9.70,5.83,5.35,5.25,5
20230113_141654.jpg,4.21,1.00,7.80,1.00,4.03,2.84,3
20230113_141647.jpg,1.48,9.53,10.00,5.99,5.40,4.40,
20230113_141635.jpg,1.44,8.99,6.60,1.00,5.07,5.00,
20230113_141626.jpg,3.33,10.00,6.58,8.44,4.55,5.28,
20230113_141606.jpg,1.43,8.54,9.34,1.00,5.72,4.32,3
20230113_141553.jpg,2.68,9.36,5.34,8.72,5.34,4.21,
20230113_141546.jpg,1.12,5.44,10.00,1.19,4.49,3.44,
20230113_141538.jpg,3.77,9.99,6.72,6.36,5.29,4.86,
20230113_141517.jpg,5.59,9.84,6.98,9.12,5.13,5.87,
20230113_141506.jpg,4.96,6.13,6.96,8.35,4.79,5.06,
20230113_141416.jpg,2.29,9.24,10.00,7.38,6.05,6.08,5
20230113_141409.jpg,6.66,9.61,7.37,10.00,5.91,5.25,5
20230113_141402.jpg,3.75,9.95,7.09,9.39,5.53,4.67,
20230113_141331.jpg,2.72,9.89,9.15,7.33,5.27,5.31,
20230113_141311.jpg,1.33,7.55,6.62,7.77,5.96,6.37,
20230113_141256.jpg,3.06,9.74,5.97,8.88,5.20,5.45,
20230113_141224.jpg,1.01,6.25,8.92,2.52,5.15,4.56,
20230113_141211.jpg,1.26,7.33,5.02,5.20,5.01,4.26,
20230113_141207.jpg,1.00,8.36,6.15,6.24,4.95,3.91,
20230113_141151.jpg,1.10,5.66,7.04,4.54,4.97,5.09,4
20230113_141147.jpg,1.00,5.99,5.20,5.33,4.41,3.90,3
20230113_141140.jpg,2.08,9.36,7.32,5.82,5.87,6.83,
20230113_141134.jpg,3.09,9.97,7.72,9.13,4.69,5.88,
20230113_141123.jpg,1.25,8.59,4.57,5.29,3.66,3.27,
20230113_141121.jpg,3.79,9.58,6.97,3.30,4.72,4.82,
20230113_141118.jpg,1.92,1.00,8.14,1.90,4.80,5.03,
20230113_141110.jpg,2.54,1.00,8.39,1.00,4.22,2.76,3
20230113_141104.jpg,1.83,9.60,8.91,3.27,5.47,5.05,
20230113_141057.jpg,4.62,9.71,7.28,7.55,5.24,4.95,4
20230113_141050.jpg,1.55,9.94,5.13,4.20,4.35,3.92,
20230113_141040.jpg,3.64,10.00,6.23,8.18,4.25,3.36,
20230113_141027.jpg,2.68,9.57,7.96,5.75,6.36,5.57,5
20230113_141011.jpg,1.09,9.76,2.24,1.22,5.67,5.05,
20230113_141000.jpg,3.62,9.80,5.41,6.79,4.46,4.75,6
20230113_140954.jpg,6.80,9.78,9.05,8.70,4.55,5.53,
20230113_140943.jpg,1.76,8.71,7.39,5.14,7.15,7.95,7
20230113_140933.jpg,2.84,10.00,4.88,7.00,4.92,4.56,
20230113_140921.jpg,4.25,9.85,8.59,6.57,4.49,4.27,4
20230113_140913.jpg,2.54,10.00,7.05,5.04,5.12,4.50,
20230113_140901.jpg,3.34,9.36,7.86,5.52,5.97,5.81,7
20230113_140855.jpg,3.66,9.87,7.94,7.10,5.72,5.73,7
20230113_140848.jpg,3.67,9.77,7.56,8.15,5.61,5.62,
20230113_140842.jpg,3.47,9.89,7.34,7.64,5.60,5.61,
20230113_140832.jpg,2.89,10.00,6.67,6.57,4.61,4.30,
20230113_140822.jpg,1.53,9.32,6.04,4.26,6.13,7.05,8
20230113_140816.jpg,2.00,8.95,6.80,7.88,5.16,5.28,7
20230113_140803.jpg,1.86,9.73,9.44,7.56,4.56,4.97,4
20230113_140801.jpg,2.10,9.75,9.72,5.76,4.45,4.03,
20230113_140750.jpg,1.31,8.34,1.30,6.72,3.95,4.20,5
20230113_140746.jpg,1.32,9.15,7.82,7.29,4.35,4.62,
20230113_140720.jpg,1.00,1.55,5.29,3.06,3.99,4.10,
20230113_140711.jpg,1.01,6.49,5.47,4.92,4.25,4.44,6
20230113_140707.jpg,1.20,8.36,9.20,7.30,4.32,3.67,
20230113_140701.jpg,1.00,9.28,4.27,4.25,3.97,4.15,
20230113_140654.jpg,1.28,9.96,4.00,2.18,3.23,1.16,2
20230113_140651.jpg,1.92,8.40,7.87,2.02,3.43,2.55,2
20230113_140647.jpg,1.94,7.34,5.61,6.78,3.60,3.03,3
20230113_140644.jpg,2.43,8.28,7.59,8.05,4.09,5.56,
20230113_140637.jpg,1.95,10.00,8.15,1.00,3.80,3.95,5
20230113_140628.jpg,1.45,7.89,8.20,6.16,5.09,5.84,
20230113_140626.jpg,1.00,8.28,5.11,5.44,4.29,3.19,
20230113_140616.jpg,1.22,2.11,4.81,3.74,4.93,5.09,5
20230113_140612.jpg,2.13,1.14,8.07,5.42,4.47,4.92,6
20230113_140606.jpg,1.82,1.00,7.95,3.41,4.77,5.03,
20230113_140602.jpg,4.43,9.86,8.28,9.72,4.13,3.97,4
20230113_140547.jpg,3.03,10.00,8.79,8.37,4.93,4.71,5
20230113_140520.jpg,1.45,9.37,6.07,5.37,5.57,5.80,6
20230113_140507.jpg,1.42,7.63,6.57,8.31,6.08,5.36,5
20230113_140459.jpg,3.67,9.51,8.44,7.73,6.07,6.26,7
20230113_140453.jpg,1.26,9.87,7.96,4.80,5.50,5.26,4
20230113_140446.jpg,1.73,9.66,7.27,7.44,4.84,5.10,5
20230113_140429.jpg,3.33,8.56,9.50,8.57,6.38,7.12,6
20230113_140414.jpg,1.51,8.10,9.00,6.18,5.67,5.82,7
20230113_140350.jpg,1.43,4.04,10.00,4.58,4.51,4.16,7
20230113_140342.jpg,2.03,6.04,9.45,2.27,5.19,6.32,
20230113_140332.jpg,1.17,9.08,6.04,5.49,5.72,5.31,5
20230113_140320.jpg,2.79,8.01,7.40,7.56,6.79,7.90,8
20230113_140307.jpg,2.10,8.58,6.60,7.00,6.21,7.22,
20230113_140252.jpg,2.67,9.02,8.04,7.57,6.30,7.71,8
20230113_135054.jpg,1.03,6.55,8.21,6.13,3.68,3.65,
20230113_135051.jpg,2.28,5.65,7.30,1.48,3.80,2.80,2
20230113_135048.jpg,1.00,6.44,4.39,1.00,3.88,2.81,
20230113_135044.jpg,1.39,4.06,4.32,3.68,4.51,5.15,
20230113_135036.jpg,1.98,1.00,6.73,1.00,3.85,2.97,2
20230113_135031.jpg,3.44,9.49,6.86,8.41,4.73,5.20,
20230113_135018.jpg,1.78,8.67,6.03,8.03,5.80,6.63,7
20230113_135008.jpg,2.48,4.72,9.36,4.95,5.34,6.18,
20230113_134928.jpg,7.65,9.22,8.86,8.79,4.67,4.70,5
20230113_134909.jpg,1.54,7.99,8.84,4.90,4.86,4.50,
20230113_134902.jpg,1.38,7.56,6.68,1.77,5.60,4.55,4
20230113_134850.jpg,2.72,9.91,7.17,6.84,5.37,5.78,7
20230113_134837.jpg,3.09,9.91,7.02,8.20,5.39,6.45,
20230113_134822.jpg,2.02,7.22,6.52,4.10,4.02,3.71,
20230113_134819.jpg,1.53,9.50,8.39,6.62,3.77,2.72,
20230113_134816.jpg,2.04,9.86,6.96,8.28,4.91,6.01,
20230113_134811.jpg,1.86,1.00,7.01,1.00,3.72,2.61,
20230113_134801.jpg,1.00,10.00,4.53,3.86,5.24,6.74,8
20230113_134757.jpg,1.00,10.00,4.35,4.73,5.17,6.13,
20230113_134755.jpg,1.00,10.00,4.25,3.66,4.61,5.38,
20230113_134747.jpg,1.64,8.57,4.44,2.44,4.90,4.52,
20230113_134741.jpg,1.81,9.17,6.92,5.46,5.57,5.37,7
20230113_134735.jpg,1.29,8.77,7.95,6.66,6.08,6.46,
20230113_134727.jpg,1.60,1.95,9.59,7.67,5.48,5.73,
20230113_134718.jpg,1.36,3.18,7.67,3.54,5.86,6.12,
20230113_134716.jpg,1.14,3.31,7.19,3.63,5.97,6.26,
20230113_134705.jpg,1.89,9.73,4.85,1.00,5.20,4.95,
20230113_134644.jpg,1.89,7.35,4.96,8.82,5.05,5.19,5
20230113_134626.jpg,2.23,8.72,9.88,6.03,5.05,5.51,
20230113_134619.jpg,1.00,8.21,6.28,4.48,4.27,3.25,
20230113_134615.jpg,1.51,1.18,10.00,5.09,4.71,5.34,
20230113_134601.jpg,1.66,6.56,7.58,3.62,5.12,4.15,5
20230113_134600.jpg,2.31,6.37,8.59,4.22,5.22,4.37,
20230113_134531.jpg,7.79,8.54,8.94,10.00,5.59,6.62,
20230113_134512.jpg,3.32,8.72,7.08,9.17,5.98,6.68,
20230113_134454.jpg,1.22,4.99,8.22,5.14,5.94,5.37,
20230113_134449.jpg,2.30,7.05,6.89,7.13,6.25,6.77,
20230113_134432.jpg,2.19,9.58,7.67,9.13,6.14,7.16,6
20230113_134409.jpg,1.81,9.00,9.37,6.32,5.30,4.86,
20230113_134400.jpg,2.29,5.67,10.00,6.69,5.01,4.30,
20230113_134356.jpg,1.87,6.87,7.18,7.01,5.08,4.42,
20230113_134330.jpg,1.12,6.06,6.58,5.25,5.08,4.98,6
20230113_134322.jpg,1.14,4.06,9.07,4.55,5.28,5.09,
20230113_134316.jpg,2.53,9.03,7.07,8.11,5.01,5.50,
20230113_134311.jpg,2.65,9.99,6.01,8.59,4.71,4.76,
20230113_134301.jpg,1.07,2.16,4.28,1.23,4.00,2.67,
20230113_134256.jpg,10.00,9.52,5.98,9.61,5.27,6.26,6
20230113_134254.jpg,4.42,9.56,6.17,8.60,4.62,5.85,
20230113_134245.jpg,2.54,1.00,6.27,1.00,4.39,3.08,3
20230113_134229.jpg,4.11,8.80,8.95,4.83,4.99,4.45,
20230113_134227.jpg,3.75,8.78,9.10,5.06,5.24,4.55,
20230113_134221.jpg,2.99,9.98,6.28,7.00,5.29,4.25,
20230113_134207.jpg,2.64,9.98,6.80,7.93,3.94,3.31,
20230113_134134.jpg,3.85,2.16,7.61,3.66,5.97,6.42,6
20230113_134133.jpg,3.29,2.55,7.44,3.46,6.07,6.17,
20230113_134059.jpg,1.00,8.38,4.45,1.44,4.18,2.19,
20230113_134054.jpg,1.00,8.40,4.60,1.69,4.38,2.39,
20230113_134048.jpg,1.00,7.94,5.15,1.00,4.00,2.46,
20230113_134034.jpg,8.38,9.97,4.51,6.93,4.00,5.65,
20230113_134029.jpg,9.15,9.92,4.26,7.50,4.68,5.46,
20230113_134025.jpg,3.13,9.39,6.06,2.13,4.65,4.52,
20230113_134005.jpg,3.40,7.34,7.28,6.04,6.10,6.26,5
20230113_133959.jpg,5.11,8.54,7.13,7.49,5.20,5.71,
20230113_133958.jpg,1.98,8.67,5.98,3.13,5.26,5.09,
20230113_133947.jpg,2.11,8.70,7.29,5.80,5.51,5.07,3
20230113_133940.jpg,2.47,6.21,8.95,5.74,4.22,3.46,
20230113_133917.jpg,2.14,9.55,7.18,4.56,4.96,5.19,
20230113_133901.jpg,1.00,1.00,1.00,1.16,4.43,3.10,1
20230113_133839.jpg,2.36,8.32,10.00,5.35,5.74,5.90,
20230113_133835.jpg,1.58,7.33,7.67,2.30,5.70,4.87,
20230113_133828.jpg,2.58,8.89,9.02,4.88,4.92,4.83,
20230113_133822.jpg,2.78,1.00,6.26,1.00,4.42,3.01,2
20230113_133751.jpg,2.07,9.13,10.00,1.00,4.55,4.37,
20230113_133747.jpg,2.69,9.30,10.00,5.94,4.95,4.62,
20230113_133716.jpg,3.85,8.87,7.40,5.90,5.65,5.81,
20230113_133658.jpg,1.60,4.73,9.25,5.20,5.72,5.79,
20230113_133642.jpg,3.22,5.34,4.58,6.08,6.33,6.54,
20230113_133550.jpg,1.89,1.36,6.13,2.25,5.21,4.89,8
20230113_133539.jpg,4.76,1.93,6.42,6.10,5.00,5.37,3
20230113_133520.jpg,1.04,1.00,8.84,2.33,5.19,4.37,3
20230113_133458.jpg,1.00,3.50,2.33,1.75,3.63,2.25,2
20230113_133444.jpg,1.22,1.95,7.67,3.40,5.50,4.32,
20230113_133434.jpg,1.89,6.02,8.67,6.65,5.55,4.88,3
20230113_133431.jpg,1.84,3.64,9.30,4.72,5.99,4.84,
20230113_133425.jpg,1.29,4.25,8.44,4.83,5.31,5.04,
20230113_133421.jpg,1.38,4.51,9.48,4.90,5.29,5.05,
20230113_133410.jpg,1.08,4.82,5.67,2.09,5.77,5.26,2
20230113_133402.jpg,1.00,7.43,2.87,5.21,5.09,4.52,2
20230113_133359.jpg,1.21,5.75,6.14,6.58,6.08,5.22,4
20230113_133344.jpg,5.28,7.42,8.10,4.38,4.90,4.75,
20230113_133342.jpg,9.48,8.78,4.22,6.17,4.63,4.66,
20230113_133341.jpg,8.81,8.79,4.48,6.78,4.76,4.79,
20230113_133315.jpg,2.63,2.53,8.76,6.73,5.11,5.94,
20230113_133313.jpg,3.23,8.46,6.44,7.85,4.59,5.17,5
20230113_133252.jpg,1.00,9.00,3.56,2.44,4.59,3.95,
20230113_133244.jpg,1.52,6.62,7.51,5.14,4.82,4.29,
20230113_133233.jpg,3.06,7.52,10.00,5.09,5.22,5.15,
20230113_133232.jpg,2.54,7.53,10.00,4.53,5.16,5.09,
20230113_133221_001.jpg,4.85,5.48,10.00,7.15,5.76,6.36,
20230113_133221.jpg,5.77,5.38,10.00,7.07,5.95,6.68,
20230113_133206.jpg,2.60,6.31,5.72,7.34,5.63,6.49,6
20230113_133204.jpg,6.62,6.27,8.96,8.56,5.81,5.72,6
20230113_133203.jpg,6.13,6.44,8.79,7.49,5.99,5.95,
20230113_133153.jpg,3.57,6.93,10.00,6.86,5.44,6.32,
20230113_133149.jpg,2.43,6.36,8.19,5.73,5.70,5.92,
20230113_133148.jpg,2.67,6.33,9.04,5.24,5.42,5.62,
20230113_133134.jpg,1.00,1.00,2.26,1.96,4.41,2.56,1
20230113_133131.jpg,1.08,3.43,3.98,2.81,5.13,3.75,2
20230113_133120_001.jpg,1.21,4.70,5.60,1.00,5.40,5.18,
20230113_133120.jpg,2.17,4.69,7.85,1.38,5.46,4.85,2
20230113_133112.jpg,1.35,7.05,6.11,6.51,4.99,4.71,
20230113_133101.jpg,9.36,9.07,6.84,9.55,4.02,5.20,4
20230113_133100.jpg,7.65,8.05,7.54,9.77,4.15,4.83,
20230113_133054.jpg,10.00,9.89,7.35,9.56,5.04,6.00,5
20230112_154036.jpg,1.00,10.00,1.63,7.04,3.62,4.01,
20230112_154034.jpg,1.48,7.30,1.01,3.92,3.98,3.72,3
20230112_154010.jpg,1.06,9.95,3.71,3.88,3.25,2.74,3
20230112_153954.jpg,1.00,9.48,4.32,4.74,3.73,4.14,
20230112_153953.jpg,1.00,9.80,4.37,5.59,2.99,3.47,
20230112_153952.jpg,1.00,9.73,4.19,4.66,2.83,2.92,
20230112_153945.jpg,1.41,9.35,1.00,7.67,4.41,3.91,
20230112_153942.jpg,2.05,9.92,2.88,8.28,3.44,2.15,
20230112_153907.jpg,1.14,9.89,1.61,6.51,2.66,2.65,
20230112_153902.jpg,1.79,9.81,4.14,8.67,4.48,3.51,
20230112_153856.jpg,2.51,9.18,2.47,7.52,4.05,4.46,
20230112_153854.jpg,1.14,9.62,5.40,7.96,3.90,5.06,7
20230112_153851.jpg,1.30,10.00,2.27,8.34,3.15,2.91,
20230112_153837.jpg,1.11,9.00,1.00,7.51,4.37,5.20,
20230112_153836.jpg,1.29,9.32,1.00,7.49,3.95,4.10,
20230112_153834.jpg,3.46,8.25,1.29,10.00,3.83,3.73,
20230112_153831.jpg,5.09,8.44,10.00,8.56,3.29,3.37,
20230112_153826.jpg,1.61,8.95,3.09,5.52,3.40,3.32,
20230112_153819.jpg,1.88,8.31,7.52,8.10,3.87,3.33,
20230112_153815.jpg,1.11,8.84,6.06,6.37,3.69,4.87,6
20230112_153813.jpg,3.12,7.73,10.00,7.94,3.63,1.86,
20230112_153812.jpg,1.98,7.88,7.14,7.19,3.68,1.00,
20230112_153810.jpg,1.61,9.82,6.81,5.56,3.44,2.61,
20230112_153809.jpg,1.53,9.87,6.99,5.52,3.44,2.26,
20230112_153758.jpg,1.44,8.39,7.47,6.75,4.48,4.64,7
20230112_153753.jpg,1.79,5.19,6.83,6.66,4.03,3.25,
20230112_153751.jpg,1.86,6.48,7.25,7.29,3.31,2.32,
20230112_153743.jpg,1.16,9.11,5.92,4.48,3.64,3.47,
20230112_153737.jpg,2.00,8.53,2.68,3.16,3.49,3.48,5
20230112_153732.jpg,2.36,9.40,6.74,6.07,4.74,5.29,7
20230112_153731.jpg,2.14,9.43,6.74,5.65,5.04,6.27,
20230112_153721.jpg,1.67,9.04,7.82,6.00,4.03,4.98,4
20230112_153716.jpg,1.06,8.81,5.11,7.27,3.09,3.57,
20230112_153713.jpg,1.00,9.85,3.06,5.86,3.74,4.99,7
20230112_153710.jpg,1.31,9.65,7.04,6.16,2.14,3.16,
20230112_153703.jpg,1.88,8.08,8.01,7.87,3.72,4.57,
20230112_153657.jpg,1.45,8.69,6.46,7.18,3.48,3.87,
20230112_153651.jpg,1.04,8.85,4.87,3.88,4.04,4.45,
20230112_153641.jpg,1.47,7.80,5.93,5.05,3.86,2.95,
20230112_153636.jpg,2.11,8.91,9.05,7.76,3.07,3.26,
20230112_153622.jpg,1.35,6.69,7.89,3.95,3.43,3.23,
20230112_153215.jpg,2.43,8.53,10.00,7.92,4.03,3.46,
20230112_153137.jpg,1.00,10.00,7.16,8.36,4.15,5.38,
20230112_153136.jpg,1.00,9.97,4.76,7.48,3.75,4.50,
20230112_153131.jpg,1.07,10.00,8.23,6.07,2.60,4.03,
20230112_153120.jpg,1.00,10.00,2.15,6.85,3.08,3.98,
20230112_153115.jpg,1.29,9.95,5.04,9.06,3.89,4.47,5
20230112_153107.jpg,1.17,9.92,7.35,6.03,4.04,5.23,6
20230112_153100.jpg,1.49,9.98,3.34,9.72,5.11,5.54,
20230112_153056.jpg,1.40,10.00,7.35,8.86,4.61,4.34,
20230112_153046.jpg,1.43,10.00,10.00,7.87,2.56,1.76,
20230112_153042.jpg,1.16,10.00,6.05,6.82,2.93,2.58,
20230112_153029.jpg,1.84,10.00,5.18,7.97,4.05,4.26,7
20230112_153026.jpg,1.26,10.00,5.17,7.36,3.47,3.79,
20230112_153020.jpg,3.21,9.92,7.01,9.87,3.62,4.60,
20230112_152951.jpg,1.21,9.02,3.37,6.15,4.66,4.47,
20230112_152947.jpg,2.33,9.78,10.00,9.78,4.49,4.85,
20230112_152935.jpg,1.45,7.94,6.32,7.94,4.25,4.10,
20230112_152924.jpg,1.91,9.05,8.88,8.39,3.58,2.76,
20230112_152923.jpg,1.81,9.04,8.50,8.64,3.50,2.32,
20230112_152901.jpg,2.28,9.60,8.03,8.57,3.96,4.22,
20230112_152857.jpg,1.28,8.37,8.26,5.29,4.47,4.05,
20230112_152829.jpg,3.53,8.54,10.00,8.06,4.26,5.25,
20230112_152821.jpg,1.54,9.10,9.71,8.16,3.92,4.64,
20230112_152818.jpg,2.61,9.03,7.93,8.39,3.74,4.02,
20230112_152814.jpg,2.46,6.69,6.89,9.20,3.35,4.18,
20230112_152727.jpg,2.55,6.23,8.89,5.62,4.87,4.59,
20230112_152722.jpg,2.44,4.47,9.38,5.93,5.69,5.92,
20230112_152548.jpg,2.57,4.13,7.23,7.43,4.55,5.78,
20230112_152536.jpg,1.48,7.35,3.84,6.20,3.36,2.75,
20230112_152534.jpg,1.83,7.42,10.00,4.80,3.34,2.13,
20230112_152528.jpg,1.01,6.82,4.14,4.04,3.90,2.80,
20230112_152513.jpg,1.41,1.92,5.54,6.86,5.15,5.24,6
20230112_152512.jpg,1.83,1.47,6.63,6.35,4.97,5.24,
20230112_152435.jpg,1.38,8.05,6.09,3.34,4.72,5.43,6
20230112_152432.jpg,1.64,7.87,8.29,6.71,4.80,5.66,
20230112_152422.jpg,1.65,6.21,6.99,6.34,4.63,6.72,
20230112_152421.jpg,1.96,6.16,7.24,6.32,4.94,7.19,
20230112_152357.jpg,4.28,7.96,5.19,9.14,4.68,6.35,5
20230112_152347.jpg,2.31,7.91,8.07,8.05,4.76,6.57,6
20230112_152345.jpg,1.96,7.82,8.25,7.91,4.85,6.09,
20230112_152335.jpg,3.15,7.18,10.00,8.80,4.94,6.54,
20230112_152334.jpg,2.32,7.65,10.00,6.98,5.03,5.76,
20230112_152257.jpg,1.24,6.64,5.62,7.33,5.34,5.45,
20230112_152255.jpg,1.01,7.05,2.52,5.33,5.06,5.11,
20230112_152002.jpg,2.30,8.19,7.90,7.97,4.27,4.59,
20230112_151956.jpg,1.81,8.70,7.97,8.67,4.17,5.77,
20230112_151944.jpg,1.31,5.64,8.39,3.15,4.01,3.09,2
20230112_151936.jpg,1.45,4.42,7.06,5.34,3.11,3.21,
20230112_151935.jpg,2.99,4.70,8.85,7.21,4.46,4.17,
20230112_151934.jpg,2.09,4.57,7.73,7.40,4.13,4.34,
20230112_151915.jpg,1.76,5.93,6.77,8.16,4.86,5.40,
20230112_151909.jpg,1.77,5.19,5.69,5.63,5.19,6.21,
20230112_151845.jpg,1.34,4.53,6.63,2.73,5.82,6.95,
20230112_151839.jpg,2.26,5.67,8.33,3.78,5.69,5.76,
20230112_151821.jpg,2.38,4.46,8.92,8.11,5.47,5.93,
20230112_151819.jpg,2.25,5.01,8.93,5.98,5.40,5.37,
20230112_151815.jpg,1.53,2.27,5.55,4.81,4.64,4.52,
20230112_151813.jpg,1.72,4.47,5.68,6.50,5.12,5.58,
20230112_151805.jpg,1.15,8.23,7.14,7.66,4.35,4.62,
20230112_151800.jpg,2.53,6.82,7.58,9.34,4.60,5.04,
20230112_151759.jpg,1.55,6.85,6.26,8.56,4.55,4.53,3
20230112_151755_001.jpg,2.17,7.15,8.49,7.29,5.53,5.67,
20230112_151755.jpg,1.95,6.99,8.36,7.39,5.44,6.08,
20230112_151741.jpg,1.12,5.52,5.34,1.02,3.70,3.70,
20230112_151739.jpg,2.17,5.73,8.91,6.92,5.19,6.36,6
20230112_151732.jpg,6.21,5.70,10.00,5.51,4.41,4.75,
20230112_151639.jpg,2.25,1.00,7.04,8.52,3.81,4.95,
20230112_151633.jpg,1.71,3.01,6.14,3.81,4.71,5.31,7
20230112_151632.jpg,1.22,2.82,5.16,3.24,4.58,4.93,
20230112_151615.jpg,1.31,5.00,3.08,5.89,5.36,6.00,
20230112_151613.jpg,1.82,3.20,5.79,6.69,4.89,4.13,
20230112_151612.jpg,1.73,2.63,6.19,6.74,4.73,3.79,
20230112_151604.jpg,2.27,9.52,1.00,6.82,5.16,5.96,6
20230112_151550.jpg,3.09,8.49,6.33,3.73,4.05,5.08,7
20230112_151541.jpg,1.06,8.35,5.87,4.45,4.85,4.73,
20230112_151539.jpg,1.42,2.78,8.42,6.17,4.99,4.76,
20230112_151537.jpg,1.48,3.25,9.32,5.70,4.18,3.30,
20230112_151514.jpg,2.52,9.07,6.90,6.00,4.09,3.93,
20230112_151507.jpg,1.45,6.06,8.18,2.65,4.27,4.99,
20230112_151505.jpg,3.00,5.32,6.85,5.73,3.97,4.96,
20230112_151500.jpg,2.31,8.68,8.19,8.44,4.44,5.59,
20230112_145021.jpg,2.30,8.95,8.69,7.03,4.97,4.96,
20230112_145009.jpg,1.08,9.39,5.96,3.26,3.86,3.91,
20230112_145007.jpg,1.10,9.38,4.13,3.57,3.39,3.02,
20230112_145004.jpg,1.33,7.94,10.00,6.83,3.11,2.48,
20230112_145002.jpg,1.00,8.32,6.64,4.28,2.80,1.85,2
20230112_144928.jpg,2.79,9.56,8.26,8.46,5.12,5.18,
20230112_144925.jpg,1.87,9.70,8.12,6.21,4.12,3.89,
20230112_144916.jpg,1.21,9.62,8.07,8.15,4.80,5.73,
20230112_144907.jpg,1.00,8.76,5.75,1.00,3.07,1.39,2
20230112_144904.jpg,1.77,9.84,7.14,6.49,4.31,3.96,
20230112_144857.jpg,1.13,8.73,8.11,6.56,4.10,3.75,
20230112_144846.jpg,1.33,1.00,5.62,3.93,5.50,6.15,
20230112_144834.jpg,1.37,1.25,4.48,3.04,5.84,5.90,7
20230112_144831.jpg,2.07,2.27,8.46,4.11,5.33,5.37,5
20230112_144819.jpg,1.89,8.83,7.31,8.08,3.95,5.55,
20230112_144815.jpg,2.41,8.73,8.38,7.88,4.24,5.45,
20230112_144641.jpg,1.67,7.72,9.53,1.60,4.67,4.29,5
20230112_144639.jpg,1.80,8.37,10.00,2.62,5.05,4.79,
20230112_144631.jpg,1.83,7.55,8.11,5.32,4.99,4.74,5
20230112_144628.jpg,1.60,8.40,4.59,2.33,5.53,4.45,
20230112_144625.jpg,1.81,9.65,7.92,3.73,5.09,3.92,
20230112_144621.jpg,1.58,4.73,6.23,3.59,4.82,4.24,
20230112_144611.jpg,5.34,8.71,8.28,8.99,4.30,5.37,6
20230112_144609.jpg,3.11,8.88,3.69,7.20,5.12,6.38,
20230112_144601.jpg,2.69,8.28,2.79,4.59,5.89,5.71,
20230112_144559.jpg,2.87,7.98,6.79,6.00,5.40,5.86,
20230112_144558.jpg,2.55,7.97,7.07,5.65,5.40,5.82,6
20230112_144546.jpg,1.44,7.99,8.93,5.48,3.93,3.70,
20230112_144540.jpg,1.53,7.02,7.99,2.63,5.41,6.24,
20230112_144538.jpg,2.51,6.88,6.46,4.44,4.70,5.84,
20230112_144445.jpg,1.10,8.09,8.14,4.80,4.19,3.92,
20230112_144443.jpg,1.10,7.73,7.69,4.05,4.40,4.10,3
20230112_144440.jpg,2.97,9.98,7.94,8.35,4.38,4.62,
20230112_144439.jpg,2.66,9.93,6.21,7.76,4.30,4.23,3
20230112_144433.jpg,3.45,9.56,5.86,5.23,5.12,4.19,
20230112_144431_001.jpg,1.68,9.66,6.94,4.79,4.95,4.07,
20230112_144431.jpg,1.27,9.74,6.66,4.00,5.05,3.90,3
20230112_144354.jpg,1.29,4.71,8.23,3.89,4.39,4.16,4
20230112_144353.jpg,1.10,4.48,6.49,6.05,4.21,4.48,
20230112_144341.jpg,3.57,8.62,7.22,9.27,5.24,5.90,5
20230112_144334.jpg,1.21,1.07,3.58,1.41,5.51,5.23,6
20230112_144332.jpg,1.88,2.39,10.00,4.08,4.48,4.92,
20230112_144330.jpg,1.48,3.31,8.24,4.19,5.07,5.03,
20230112_144323.jpg,2.75,9.33,9.03,2.85,5.43,5.42,
20230112_144318.jpg,1.93,6.39,8.23,3.72,5.99,5.92,
20230112_144313.jpg,1.01,9.92,4.95,1.00,4.06,2.62,2
20230112_144302.jpg,1.68,8.75,4.95,4.77,4.78,4.09,3
20230112_144250.jpg,2.04,9.00,5.37,6.05,5.48,6.39,
20230112_144241.jpg,2.24,7.35,6.29,7.13,4.95,5.28,5
20230112_144237.jpg,3.71,9.61,5.64,8.30,5.12,3.98,
20230112_144234.jpg,10.00,9.48,6.71,10.00,4.99,5.43,
20230112_144223.jpg,2.58,8.40,8.30,5.98,5.07,4.95,
20230112_144215.jpg,2.86,6.75,9.26,8.17,4.96,4.65,
20230112_144209.jpg,1.50,5.82,6.32,7.21,3.21,2.21,
20230112_144206.jpg,4.10,9.69,4.56,8.50,3.73,3.85,3
20230112_144140.jpg,1.54,9.46,6.09,3.46,3.16,2.83,
20230112_144135.jpg,1.51,10.00,7.01,4.14,3.47,3.12,4
20230112_144131.jpg,2.04,10.00,7.18,5.56,3.19,2.84,
20230112_144125.jpg,1.71,8.64,7.65,7.44,4.43,4.40,7
20230112_144057.jpg,1.88,8.07,6.96,6.56,4.28,4.33,
20230112_144050.jpg,1.00,2.61,5.83,6.90,4.55,4.00,
20230112_144048.jpg,1.61,4.56,6.49,5.72,4.08,2.84,
20230112_144047.jpg,1.34,4.44,5.54,5.59,4.13,3.12,
20230112_144032.jpg,1.18,5.70,6.76,5.32,3.79,2.98,
20230112_144018.jpg,1.13,6.54,5.14,6.58,3.72,3.93,
20230112_144013.jpg,1.72,8.73,7.37,8.90,4.52,4.59,
20230112_144011.jpg,1.94,8.58,7.01,9.44,4.65,4.51,4
20230112_144008.jpg,1.83,9.59,8.65,5.73,2.77,2.62,
20230112_144005.jpg,2.49,9.89,5.39,5.81,4.23,4.30,
20230112_144001.jpg,1.62,9.04,8.86,8.71,5.04,4.91,
20230112_144000.jpg,3.04,8.75,10.00,9.32,4.30,4.17,
20230112_143959.jpg,2.35,8.95,8.86,8.66,4.39,4.43,
20230112_143946.jpg,2.84,8.48,8.98,8.62,3.29,2.68,4
20230112_143942.jpg,1.05,7.09,1.46,5.80,5.05,5.96,
20230112_143936.jpg,2.30,8.11,6.64,8.14,3.51,3.41,
20230112_142157.jpg,1.67,9.76,6.14,8.91,4.08,4.10,
20230112_142156.jpg,1.58,9.84,8.03,8.21,4.02,4.16,
20230112_142142.jpg,2.67,9.83,5.43,9.36,4.10,4.64,4
20230112_142106.jpg,1.35,9.34,7.83,4.74,4.02,3.59,
20230112_142058.jpg,2.95,9.86,5.94,8.39,3.57,3.78,
20230112_142026.jpg,1.14,9.26,6.37,3.90,4.43,4.44,
20230112_142022.jpg,2.75,8.74,8.52,9.38,4.94,5.15,
20230112_142017.jpg,3.83,6.21,1.00,8.73,5.64,5.91,
20230112_142012.jpg,2.75,8.62,8.16,5.99,4.80,2.97,3
20230112_142011.jpg,5.06,8.85,7.73,2.97,5.52,4.10,
20230112_142005.jpg,4.92,7.97,10.00,9.85,3.97,4.11,
20230112_142002.jpg,1.38,9.41,7.51,9.08,3.94,4.21,3
20230112_141959.jpg,1.45,8.66,3.12,5.72,5.02,4.33,
20230112_141954.jpg,5.31,8.11,6.45,9.80,3.30,3.07,
20230112_141943.jpg,1.00,6.31,4.01,5.53,3.73,3.90,
20230112_141856.jpg,8.40,8.89,6.24,10.00,5.15,5.65,
20230112_141850.jpg,6.54,9.65,6.72,9.81,4.91,4.86,5
20230112_141840.jpg,6.76,10.00,6.68,10.00,4.25,5.43,5
20230112_141831.jpg,4.04,9.68,3.49,10.00,3.98,3.58,
20230112_141816.jpg,1.00,9.28,3.13,7.05,3.61,3.55,3
20230112_141740.jpg,4.43,10.00,7.84,10.00,3.64,3.72,
20230112_141727.jpg,7.67,9.28,5.11,7.64,4.33,5.28,
20230112_141721.jpg,3.28,9.88,6.20,10.00,4.72,4.83,4
20230112_141719.jpg,3.00,10.00,5.45,10.00,3.93,3.11,3
20230112_141715.jpg,1.95,10.00,6.36,8.46,3.08,2.60,3
20230112_141713.jpg,7.15,9.67,4.73,10.00,3.85,3.57,4
20230112_141707.jpg,1.00,9.39,2.18,5.44,3.62,1.84,2
20230112_141658.jpg,1.11,9.73,5.97,4.25,5.07,4.86,5
20230112_141655.jpg,1.05,9.91,7.32,7.40,4.58,4.76,5
20230112_141650.jpg,1.90,9.63,7.87,10.00,4.93,5.34,5
20230112_141644.jpg,4.46,9.72,2.55,9.50,4.37,5.85,4
20230112_141640.jpg,2.94,9.75,6.21,9.45,4.27,4.90,3
20230112_141628.jpg,6.81,9.65,5.47,10.00,3.29,3.96,
20230112_141626.jpg,4.92,8.95,6.54,9.19,4.03,3.47,2
20230112_141619.jpg,1.88,10.00,8.63,4.89,2.90,1.70,
20230112_141611.jpg,4.69,9.91,5.84,8.47,3.79,3.05,2
20230112_141609.jpg,3.63,9.89,6.45,7.62,4.07,3.24,3
20230112_141600.jpg,3.61,9.79,7.98,9.62,3.56,2.19,2
20230112_141558.jpg,4.24,10.00,8.98,9.94,3.41,3.00,2
20230112_141556.jpg,1.19,10.00,4.77,4.10,3.64,3.70,4
20230112_141554.jpg,2.38,9.80,8.30,8.97,5.02,4.87,4
20230112_141545.jpg,1.73,9.56,9.36,7.03,4.50,5.05,4
20230112_141543.jpg,1.27,10.00,3.14,4.61,4.02,4.03,
20230112_141537.jpg,1.29,10.00,4.87,4.38,4.08,4.12,5
20230112_133433.jpg,1.43,10.00,3.54,7.14,3.23,3.68,4
20230112_133431.jpg,1.22,10.00,5.37,6.80,3.67,3.86,
20230112_133426.jpg,1.70,10.00,8.97,8.50,3.15,3.61,4
20230112_133417.jpg,1.25,9.52,9.19,6.91,4.20,5.12,5
20230112_133412.jpg,1.00,10.00,5.18,7.97,4.56,5.18,5
20230112_133410.jpg,1.00,10.00,4.40,6.31,4.30,4.93,
20230112_133407.jpg,1.10,9.94,8.46,8.03,2.99,3.25,
20230112_133404.jpg,1.06,9.90,8.39,6.88,4.08,5.23,5
20230112_133400.jpg,1.71,9.87,8.52,8.67,3.99,4.57,
20230112_133347.jpg,1.29,9.79,7.50,9.25,4.20,3.65,
20230112_133344.jpg,2.97,9.81,7.08,9.39,3.88,3.40,
20230112_133342.jpg,10.00,10.00,7.47,8.92,2.48,2.80,
20230112_133340.jpg,1.30,10.00,6.75,5.52,3.46,3.44,
20230112_133337.jpg,1.30,9.95,7.31,4.65,3.64,3.47,
20230112_133334.jpg,1.92,9.89,8.51,8.24,3.77,4.35,
20230112_133322.jpg,1.41,10.00,1.00,5.12,2.80,3.78,
20230112_133311.jpg,1.50,9.88,1.38,7.59,3.44,3.57,
20230112_133252.jpg,2.25,9.43,4.33,10.00,3.58,4.35,
20230112_133248.jpg,1.87,9.21,9.02,7.66,3.39,2.31,
20230112_133247.jpg,1.90,9.19,9.96,8.01,3.53,2.60,
20230112_133225.jpg,1.00,9.49,3.78,7.28,3.94,2.08,2
20230112_133213.jpg,1.15,7.75,7.07,8.36,4.55,3.65,3
20230112_133149.jpg,1.45,9.67,5.73,8.44,3.24,1.44,
20230112_133117.jpg,1.00,9.38,4.70,2.52,3.27,3.19,
20230112_133110.jpg,1.42,9.60,1.00,6.32,3.56,3.14,4
20230112_133104.jpg,4.07,8.91,3.75,9.73,3.50,4.00,
20230112_133036.jpg,7.15,9.57,4.11,1.00,3.62,1.82,3
20230112_133018.jpg,2.49,9.68,2.73,8.90,3.50,2.59,
20230112_133011.jpg,1.81,8.74,8.26,6.93,4.24,3.71,
20230112_133006.jpg,2.31,9.44,6.35,8.09,4.03,2.94,
20230112_133004.jpg,1.46,9.01,6.31,8.40,3.56,2.90,2
20230112_133001.jpg,2.03,8.82,7.42,6.44,2.75,2.29,
20230112_133000.jpg,1.93,8.83,7.16,5.94,2.68,2.20,2
20230112_132953.jpg,1.51,9.47,5.07,7.52,3.29,3.39,
20230112_132951.jpg,1.61,9.93,5.86,6.73,3.43,2.97,
20230112_132936.jpg,1.66,9.97,3.76,6.05,2.73,2.86,
20230112_132850.jpg,1.35,9.98,1.56,4.15,2.55,2.60,
20230112_132840.jpg,1.03,10.00,1.00,3.30,3.08,2.37,
20230112_132837.jpg,2.80,9.68,5.12,3.61,3.84,3.34,2
20230112_132828.jpg,1.00,9.78,3.00,6.58,4.26,4.63,3
20230112_132824.jpg,1.31,9.85,3.12,6.43,4.56,3.96,2
20230112_132821.jpg,1.31,9.76,5.80,2.60,4.42,3.73,
20230112_132818.jpg,2.25,10.00,6.69,4.86,4.14,3.64,
20230112_132812.jpg,1.50,10.00,10.00,7.46,2.47,1.98,
20230112_132811.jpg,1.11,10.00,8.89,1.00,2.70,1.71,2
20230112_132802.jpg,1.00,10.00,1.00,3.98,4.74,5.53,4
20230112_132738.jpg,2.67,9.27,9.04,5.76,3.26,3.22,
20230112_132731.jpg,2.40,9.97,6.68,7.20,2.97,2.90,
20230112_132715.jpg,1.00,7.70,5.42,3.82,2.72,2.68,
20230112_132702.jpg,1.59,9.37,7.48,5.58,4.60,3.97,
20230112_132656.jpg,2.45,9.30,6.67,6.77,4.95,5.12,5
20230112_132654.jpg,3.99,9.43,10.00,7.04,4.21,4.65,
20230112_132652.jpg,1.13,9.79,3.98,5.75,4.69,5.17,6
20230112_132650.jpg,1.35,9.64,4.65,5.11,4.85,5.08,6
20230112_132647.jpg,1.00,9.13,6.19,5.45,2.37,2.02,2
20230112_132642.jpg,1.28,8.35,5.97,8.21,4.52,4.93,
20230112_132637.jpg,1.76,10.00,7.86,6.87,3.86,3.76,
20230112_132634.jpg,1.26,7.08,6.96,7.75,3.85,4.30,
20230112_130102.jpg,3.02,9.74,8.58,6.62,4.62,5.46,
20230112_130057_001.jpg,4.71,9.69,6.75,7.96,3.18,2.97,
20230112_130057.jpg,4.43,9.68,6.70,7.67,3.27,3.36,
20230112_130040.jpg,4.32,9.55,9.65,9.88,4.04,4.44,
20230112_130031.jpg,1.83,9.88,4.52,2.28,4.27,3.32,
20230112_130028.jpg,2.48,8.44,7.47,6.37,4.13,3.20,4
20230112_130025.jpg,2.57,9.30,7.05,8.32,3.23,3.56,3
20230112_130022.jpg,2.30,9.36,5.44,6.38,3.21,3.58,
20230112_130019.jpg,3.83,9.34,5.02,6.31,4.03,3.42,
20230112_130014.jpg,4.70,3.09,6.27,3.85,3.75,3.01,
20230112_125955.jpg,2.12,9.75,7.13,9.70,2.88,2.81,
20230112_125949.jpg,1.33,7.99,3.21,8.17,4.04,4.43,
20230112_125945.jpg,2.39,9.67,8.76,9.00,3.93,3.65,
20230112_125935.jpg,1.05,8.97,4.71,6.93,3.62,3.27,2
20230112_125929.jpg,9.30,8.77,8.11,10.00,3.73,4.00,
20230112_125928.jpg,7.82,8.85,8.09,10.00,3.72,4.01,
20230112_125904.jpg,4.98,7.86,9.26,8.23,4.57,5.39,
20230112_125902.jpg,3.22,8.87,8.43,6.90,3.93,2.98,
20230112_125852.jpg,3.59,9.37,5.52,8.56,3.76,3.78,
20230112_125849.jpg,4.19,9.35,7.72,8.37,4.02,4.40,4
20230112_125842.jpg,6.26,8.08,8.55,7.81,4.52,5.18,
20230112_125840.jpg,2.24,10.00,5.16,7.51,2.88,1.00,
20230112_125838.jpg,3.28,9.70,2.65,5.03,4.62,5.56,
20230112_125836.jpg,1.22,9.97,1.13,1.36,4.45,3.81,
20230112_125833.jpg,2.21,9.77,6.38,5.83,2.89,1.89,
20230112_125830.jpg,1.88,9.82,6.53,6.76,2.94,3.75,
20230112_125829.jpg,2.30,9.54,7.97,7.99,3.87,3.60,
20230112_125046.jpg,3.37,8.43,7.38,8.75,5.07,5.95,5
20230112_125042.jpg,2.24,8.19,7.71,8.73,4.21,4.96,5
20230112_124825.jpg,1.35,9.00,2.20,7.06,4.02,3.15,3
20230112_124821.jpg,4.34,8.22,8.60,8.21,3.36,3.43,
20230112_124815.jpg,1.60,8.26,1.00,7.57,3.29,2.35,
20230112_124813.jpg,2.69,9.24,7.17,7.80,3.22,2.02,
20230112_124808.jpg,4.16,8.46,6.42,10.00,4.51,4.47,
20230112_124806.jpg,1.23,9.45,6.31,6.48,3.15,2.15,
20230112_124755.jpg,10.00,8.76,10.00,8.49,3.30,2.80,
20230112_124753.jpg,1.74,9.30,8.91,8.41,3.58,3.27,
20230112_124750.jpg,2.92,9.61,6.42,9.01,4.31,2.80,
20230112_124744.jpg,1.21,9.79,8.97,8.30,4.79,3.64,
20230112_124741.jpg,1.41,8.39,2.87,6.76,3.33,1.76,
20230112_124738.jpg,4.75,8.86,6.46,8.53,3.18,1.58,
20230112_124720.jpg,3.99,5.16,9.26,8.08,4.47,3.83,
20230112_124716.jpg,1.91,7.69,8.31,6.87,3.77,2.63,
20230112_124713.jpg,2.14,7.11,5.08,7.83,4.42,5.52,
20230112_124709.jpg,4.56,6.77,9.44,8.18,3.79,3.03,5
20230112_124706.jpg,1.41,8.42,7.19,6.96,3.70,3.14,
20230112_124701.jpg,3.74,9.18,7.39,7.88,3.91,4.19,
20230112_123831.jpg,1.99,8.24,4.32,8.57,4.67,4.96,
20230112_123829.jpg,3.87,6.48,6.57,8.81,4.36,4.07,
20230112_123824.jpg,1.25,9.26,9.47,1.00,2.45,1.00,1
20230112_123822.jpg,1.75,9.78,8.56,4.32,3.13,2.84,
20230112_123820.jpg,1.29,9.66,10.00,6.26,2.67,2.77,
20230112_123810.jpg,1.00,8.37,2.58,6.25,2.59,2.14,4
20230112_123807.jpg,1.34,5.22,2.43,6.63,3.70,2.89,
20230112_123804.jpg,1.67,9.15,7.58,7.74,3.90,3.32,
20230112_123801.jpg,2.28,8.24,10.00,8.79,4.49,4.65,
20230112_123758.jpg,4.98,9.42,6.08,9.00,3.69,4.36,
20230112_123755.jpg,1.14,9.00,5.95,8.83,3.33,2.56,3
20230112_123749.jpg,5.79,6.33,2.97,7.22,4.39,3.18,
20230112_123748.jpg,6.34,6.38,1.63,7.55,4.39,3.75,2
20230112_123744.jpg,2.77,9.28,7.28,2.90,3.04,2.31,2
20230112_123742.jpg,5.52,8.95,7.89,8.73,3.44,4.36,
20230112_123739.jpg,3.13,8.72,8.30,9.11,4.64,5.11,
20230112_123736.jpg,4.19,8.13,9.27,8.93,4.39,5.36,
20230112_123731.jpg,7.76,8.56,8.83,8.11,4.16,3.80,
20230112_123719.jpg,5.27,8.83,7.98,9.40,4.76,5.78,
20230112_123716.jpg,3.93,5.07,9.50,7.32,4.46,3.46,3
20230112_123706.jpg,2.60,9.25,4.68,9.73,4.39,5.57,
20230112_123704.jpg,5.61,8.86,8.12,9.70,4.30,5.01,
20230112_123701_001.jpg,4.65,8.72,5.20,5.87,3.43,1.25,2
20230112_123701.jpg,4.21,8.81,4.91,5.81,3.22,1.00,
20230112_123655.jpg,1.09,8.04,4.78,6.10,2.97,1.75,2
20230112_123652.jpg,4.66,6.31,8.63,8.82,4.72,3.00,
20230112_123651.jpg,4.32,7.23,9.32,7.81,4.64,4.58,
20230112_123643.jpg,9.76,9.83,1.00,10.00,2.62,4.34,
20230112_123640.jpg,1.17,9.93,4.54,7.47,3.96,4.00,3
20230112_123638.jpg,1.97,9.77,2.72,10.00,3.54,3.73,
20230112_123636.jpg,2.19,9.82,4.39,9.92,4.88,4.91,
20230112_123632.jpg,2.23,9.35,7.96,9.32,4.14,3.69,
20230112_123630.jpg,2.66,9.39,10.00,9.89,4.27,4.05,2
20230112_123621.jpg,6.93,5.96,9.13,9.73,4.47,4.36,
20230112_123618.jpg,4.15,6.04,9.34,9.19,4.68,4.39,
20230112_123614.jpg,3.59,8.27,6.95,9.54,4.48,5.20,5
20230112_123606.jpg,4.50,8.67,8.97,7.05,4.40,4.82,
20230112_123557.jpg,5.41,8.24,10.00,9.70,4.49,5.76,
20230112_123537.jpg,3.81,8.65,8.41,8.39,4.33,4.51,
20230112_112516.jpg,1.22,10.00,4.70,9.52,3.96,1.00,1
20230112_111708.jpg,1.65,9.45,5.90,7.40,4.72,4.06,3
20230112_111653.jpg,1.92,10.00,7.72,4.56,3.59,3.19,4
20230112_111635.jpg,2.51,9.62,6.48,4.72,3.87,4.01,4
20230112_111634.jpg,1.36,9.86,1.77,5.72,3.21,2.68,
20230112_111628.jpg,1.00,9.52,3.89,2.11,3.20,2.51,3
20230112_111620.jpg,2.50,9.96,7.43,7.89,3.77,4.08,4
20230112_111617.jpg,1.21,9.44,7.15,4.44,4.14,4.74,4
20230112_111613.jpg,1.96,7.75,8.45,8.30,4.83,5.15,
20230112_111610.jpg,1.56,8.45,7.84,6.20,3.84,3.42,5
20230112_111552.jpg,1.98,9.43,9.19,6.27,3.75,3.33,5
20230112_111548.jpg,1.17,10.00,9.08,2.90,3.22,2.58,3
20230112_111543.jpg,2.11,9.71,7.25,6.87,3.89,3.98,
20230112_111536.jpg,1.56,8.27,9.45,7.15,3.83,3.64,3
20230112_111533.jpg,3.53,9.58,4.49,1.48,4.14,5.34,
20230112_111531.jpg,2.19,9.60,2.42,6.78,4.08,5.00,
20230112_111530.jpg,1.71,9.92,2.24,9.15,4.71,5.89,
20230112_111528.jpg,2.36,9.63,2.49,6.19,3.82,3.74,3
20230112_111526.jpg,4.25,9.97,5.90,8.39,3.05,3.41,2
20230112_111522.jpg,8.78,9.66,1.82,8.55,3.24,5.19,
20230112_111513.jpg,1.20,9.97,2.57,6.40,3.43,3.35,4
20230112_111508.jpg,1.19,9.85,5.51,5.83,3.47,2.48,
20230112_111503.jpg,1.15,9.24,3.06,7.46,3.41,3.43,
20230112_111501.jpg,1.54,10.00,4.42,4.66,2.98,2.66,
20230112_111459.jpg,2.55,9.96,7.10,5.47,2.75,2.06,
20230112_105713.jpg,2.23,8.85,5.89,10.00,4.40,4.82,
20230112_105706.jpg,5.08,9.99,3.87,9.24,4.17,4.02,
20230112_105702.jpg,1.87,8.58,5.48,9.60,4.68,5.57,4
20230112_104918.jpg,1.62,9.66,8.28,6.17,3.96,3.76,2
20230112_104912.jpg,1.26,9.54,5.00,8.32,3.78,3.36,4
20230112_104901.jpg,1.00,9.95,3.86,5.88,2.85,1.50,1
20230112_104853.jpg,3.10,8.72,6.95,7.87,3.85,3.23,
20230112_104346.jpg,1.42,8.43,6.18,6.49,4.84,5.15,
20230112_104341.jpg,1.42,9.87,6.85,7.56,3.99,4.91,3
20230112_104338.jpg,1.80,9.03,7.41,8.61,3.30,3.21,
20230112_104327.jpg,3.86,8.66,7.25,8.89,4.27,4.37,
20230112_104311.jpg,2.95,7.76,7.16,9.04,3.61,4.67,
20230112_104309.jpg,1.38,9.48,6.02,8.80,3.27,3.63,
20230112_104306.jpg,1.17,6.33,5.95,8.22,2.71,1.44,2
20230112_104300.jpg,1.44,9.18,7.36,8.79,3.12,3.03,2
20230112_104258.jpg,2.61,8.76,7.30,8.24,3.47,2.14,
20230112_104252.jpg,2.12,8.46,8.28,7.69,3.06,2.58,
20230112_104240.jpg,1.44,9.89,6.27,8.54,4.88,4.57,4
20230112_104236.jpg,2.83,8.84,6.60,9.24,4.43,4.76,
20230112_104231.jpg,2.09,8.84,5.44,8.71,3.43,4.02,
20230112_104228.jpg,2.84,10.00,2.66,7.65,3.82,4.39,4
20230112_104226.jpg,1.39,9.73,6.14,7.07,3.75,4.50,
20230112_104222.jpg,2.63,9.72,8.57,9.03,4.76,3.85,4
20230112_104220.jpg,1.45,10.00,10.00,8.88,4.67,5.14,4
20230112_104219.jpg,4.55,8.94,4.82,7.26,3.26,2.50,3
20230112_104214.jpg,3.59,8.79,9.56,8.43,3.30,3.25,
20230112_104211.jpg,1.26,9.82,5.26,8.08,3.30,3.73,
20230112_104208.jpg,1.37,9.83,5.36,6.47,3.46,2.31,
20230112_104202.jpg,1.74,9.95,7.27,9.23,3.43,2.38,
20230112_104200.jpg,1.65,9.51,7.09,8.15,3.71,4.46,3
20230112_104153.jpg,1.48,9.04,7.54,6.89,2.87,3.71,4
20230112_104147.jpg,2.21,9.75,6.55,8.51,3.56,2.93,
20230112_104140.jpg,1.26,9.28,5.37,4.07,3.87,4.51,
20230112_104136.jpg,1.73,9.71,7.94,6.54,3.36,2.31,
20230112_104133.jpg,2.14,8.31,8.71,6.14,3.42,2.85,
20230112_104129.jpg,1.43,9.38,5.58,8.48,3.48,4.25,
20230112_104120.jpg,1.18,3.69,7.14,7.29,3.94,2.47,
20230112_104118.jpg,1.45,3.78,8.63,6.29,3.39,2.02,
20230112_104115.jpg,1.19,6.48,3.82,5.07,3.19,2.22,
20230112_103952.jpg,1.52,9.57,6.47,8.48,3.78,4.15,
20230112_103944.jpg,1.75,9.42,6.16,8.17,4.15,4.62,
20230112_103927.jpg,1.99,7.43,6.42,9.26,3.99,3.48,
20230112_103918.jpg,1.95,8.02,5.61,9.06,3.90,3.11,
20230112_103914.jpg,3.84,8.64,6.82,8.24,4.66,3.79,
20230112_103905.jpg,3.80,9.93,8.11,9.23,4.47,3.06,
20230112_103823.jpg,2.15,8.34,5.68,9.43,4.44,2.20,
20230112_103818.jpg,2.52,6.82,7.64,10.00,3.96,4.25,
20230112_103803.jpg,1.44,9.60,6.76,7.19,4.20,3.09,
20230112_103750.jpg,1.56,9.65,7.26,8.66,4.20,4.47,
20230112_103742.jpg,1.42,9.33,4.53,6.47,3.69,3.61,5
20230112_103732.jpg,1.86,8.35,8.37,6.53,4.03,4.06,5
20230112_103717.jpg,1.33,9.13,5.22,7.11,4.05,4.73,
20230112_103710.jpg,2.28,9.38,9.00,8.03,4.15,3.96,
20230112_102216.jpg,2.63,9.36,9.02,7.67,2.75,2.36,
20230112_102215.jpg,2.43,9.38,8.33,8.03,3.01,1.94,
20230112_101936.jpg,2.37,9.06,4.16,6.49,4.14,3.92,
20230112_101934.jpg,1.58,9.81,9.71,7.15,3.37,2.65,4
20230112_101929.jpg,3.34,8.32,5.15,9.99,4.30,2.20,
20230112_101921.jpg,2.10,9.63,1.58,3.16,3.99,3.48,
20230112_101915.jpg,1.80,8.65,5.46,3.95,3.23,3.21,
20230112_101911.jpg,5.20,9.00,4.99,8.71,4.17,4.41,
20230112_101902.jpg,2.76,9.41,9.70,9.16,3.42,2.50,3
20230112_101900.jpg,2.82,9.40,8.94,7.42,3.34,2.12,
20230112_101858.jpg,2.36,9.45,5.82,7.14,3.42,1.33,
20230112_101852.jpg,2.75,9.09,6.78,9.18,3.72,1.90,
20230112_101845.jpg,2.42,9.65,4.95,8.51,3.29,1.64,
20230112_101841.jpg,5.74,9.81,8.90,7.31,3.67,3.86,
20230112_101833.jpg,1.24,8.28,3.20,7.30,2.67,3.30,
20230112_101825.jpg,1.00,9.90,3.62,8.47,4.34,3.84,
20230112_101822.jpg,1.00,9.71,3.73,5.90,4.87,4.63,
20230112_101813.jpg,1.50,10.00,5.60,7.52,3.84,3.76,3
20230112_101758.jpg,1.37,9.93,5.71,8.02,5.09,4.91,
20230112_101752.jpg,2.52,8.32,1.00,9.71,4.14,4.61,
20230112_101749.jpg,6.42,9.93,1.00,6.48,2.78,1.85,
20230112_101748.jpg,9.69,9.91,1.00,7.78,3.02,2.36,
20230112_101742.jpg,2.09,9.93,4.35,9.78,3.28,4.18,
20230112_101730.jpg,1.54,9.98,1.83,9.48,3.40,4.43,
20230112_101728.jpg,1.56,10.00,6.83,8.42,2.82,2.87,
20230112_101722.jpg,1.00,9.95,5.38,5.36,3.83,4.34,
20230112_101719.jpg,1.11,10.00,10.00,7.97,3.96,4.92,
20230112_101715.jpg,1.62,10.00,7.71,7.58,3.55,4.37,
20230112_101655.jpg,1.19,9.80,1.00,8.55,3.67,4.20,
20230112_101646.jpg,1.93,8.97,10.00,8.33,4.30,4.42,
20230112_101638.jpg,1.01,10.00,3.95,7.41,3.27,3.99,
20230112_101632.jpg,1.28,8.98,5.65,7.02,4.22,5.23,
20230112_101628.jpg,2.39,10.00,7.84,7.82,2.49,1.79,
20230112_101621.jpg,1.18,10.00,6.12,5.47,2.78,3.04,
20230112_101612.jpg,2.37,10.00,1.00,9.48,2.65,2.18,
20230112_101608.jpg,1.45,9.76,6.36,7.95,2.45,2.83,
20230112_101556.jpg,1.95,9.90,5.98,8.52,3.55,2.92,
20230112_101554.jpg,1.68,9.94,9.83,8.41,3.60,3.54,3
20230112_101549.jpg,1.81,9.54,8.62,7.10,3.03,3.03,
20230112_101431.jpg,1.00,9.91,3.79,5.90,3.35,3.66,
20230112_101413.jpg,2.92,8.05,9.96,8.93,4.18,3.12,
20230112_101411.jpg,1.50,9.38,8.40,7.69,4.38,4.99,3
20230112_101308.jpg,1.17,9.30,5.78,6.38,4.25,4.01,
20230112_101305.jpg,1.14,9.11,5.15,6.50,4.64,4.13,
20230112_101300.jpg,1.24,8.98,5.93,6.75,4.39,3.45,
20230112_101259.jpg,2.07,9.79,8.42,6.83,4.73,5.49,5
20230112_101249.jpg,1.00,8.83,3.07,4.45,4.29,3.60,
20230112_101239.jpg,2.01,9.34,7.84,3.40,2.95,1.91,
20230112_101231.jpg,1.71,6.85,7.23,8.17,3.59,2.89,
20230112_101228.jpg,1.43,9.60,6.85,8.92,3.59,3.43,
20230112_015734.jpg,1.92,10.00,1.00,5.09,3.99,2.76,3
20221208_001248.jpg,1.66,8.72,5.21,4.23,6.11,5.66,5
20221208_001246.jpg,5.48,9.53,5.36,2.46,5.30,3.95,
20221208_001244_002.jpg,1.09,2.86,7.69,4.34,4.65,3.21,3
20221208_001244_001.jpg,1.45,8.48,7.86,6.67,5.59,4.26,4
20221208_001244.jpg,1.05,7.56,7.03,5.38,5.32,4.19,3
20221208_001242_001.jpg,1.00,4.22,1.81,4.25,5.67,4.88,
20221208_001242.jpg,1.55,7.22,8.22,5.63,5.32,4.29,
20221208_001240.jpg,1.58,8.28,8.40,6.14,5.13,4.28,
20221208_001238_001.jpg,3.30,6.16,6.19,7.51,6.12,5.41,4
20221208_001238.jpg,2.79,8.03,7.93,7.75,6.24,6.08,
20221208_001236_001.jpg,2.17,8.54,2.31,3.71,6.66,5.24,
20221208_001236.jpg,5.50,3.24,2.69,4.51,6.27,5.32,
20221208_001234.jpg,8.51,9.23,6.73,7.59,4.96,4.05,
20221208_001230_001.jpg,1.00,7.89,1.99,1.10,4.53,5.21,5
20221208_001230.jpg,1.08,9.14,4.07,5.99,3.66,4.13,
20260620_080001.jpg,1.40,8.97,1.00,5.44,4.25,4.46,6
20260620_080000.jpg,1.58,9.20,1.00,2.27,4.92,5.79,6
20260821_110704.jpg,3.87,9.31,6.82,9.23,4.05,4.55,
20260821_110537.jpg,10.00,8.51,8.53,10.00,4.94,5.55,
20260821_110503.jpg,5.45,8.87,9.20,8.86,4.99,6.44,
20260821_024630_001.jpg,1.43,9.61,5.06,3.54,4.49,6.00,
20260821_024630.jpg,1.12,8.31,1.22,3.35,4.49,5.84,
20260821_024626.jpg,1.40,9.15,4.39,1.47,4.72,5.34,
20260821_024624.jpg,1.30,10.00,3.99,3.62,4.49,4.29,
20260812_131408.jpg,1.56,1.00,6.46,4.12,6.01,6.16,
20260812_131354.jpg,3.32,7.47,7.88,6.59,6.37,6.34,
20260812_131324.jpg,5.55,8.45,8.61,6.89,6.37,7.82,
20260812_131321.jpg,3.76,7.49,8.83,7.48,6.71,7.78,
20260812_131306.jpg,6.88,8.46,8.44,8.33,6.94,8.00,
20260812_131251.jpg,3.23,5.64,8.29,6.73,6.42,6.76,
20260812_131227.jpg,7.18,7.37,6.99,8.53,6.71,8.10,
20260812_131217.jpg,2.13,6.94,7.20,8.58,6.47,6.32,
20260812_131209.jpg,4.92,1.00,7.50,5.54,5.71,5.27,
20260812_131158.jpg,6.97,5.55,4.15,6.21,6.42,5.58,
20260812_131154.jpg,1.79,5.46,6.42,1.00,6.97,6.57,
20260812_131146.jpg,7.27,3.21,8.20,1.00,5.40,5.35,
20260812_131129.jpg,1.78,7.22,6.29,5.49,6.19,4.55,
20260812_131105.jpg,6.39,6.95,7.60,8.97,7.14,7.84,
20260812_131046.jpg,4.05,7.45,7.22,6.51,6.73,6.47,
20260812_131035.jpg,3.03,6.50,7.16,6.96,6.55,6.23,
20260812_131018.jpg,4.63,9.40,7.90,9.83,6.85,7.95,
20260812_130959.jpg,1.74,6.76,5.85,3.64,6.40,5.66,
20260812_130951.jpg,2.56,6.30,5.78,7.36,6.51,6.30,
20260812_130947.jpg,3.39,4.09,9.85,1.71,6.02,5.02,
20260812_130944.jpg,6.01,8.69,5.07,8.57,5.18,5.03,
20260812_130932.jpg,10.00,5.57,5.93,8.53,6.29,6.51,
20260812_130927.jpg,9.14,5.52,8.78,6.94,6.17,6.02,
20260812_130919.jpg,9.36,7.05,7.95,6.47,7.28,7.73,
20260812_130909.jpg,7.78,2.97,9.66,5.17,7.34,7.68,
20260812_130858.jpg,3.46,1.00,7.47,3.23,6.61,5.81,
20260812_130856.jpg,6.25,5.67,6.58,6.57,6.68,6.39,
20260812_130846.jpg,8.25,1.00,8.68,1.00,6.46,6.51,
20260812_130829.jpg,5.33,8.44,8.02,6.98,7.40,7.53,
20260812_130825.jpg,10.00,9.41,7.30,7.14,6.01,6.57,
20260812_130815.jpg,10.00,7.70,7.59,7.65,6.82,8.03,
20260812_130759.jpg,10.00,8.21,7.52,8.88,6.64,7.52,
20260812_130753.jpg,10.00,5.50,6.25,9.44,6.47,6.50,
20260812_130337.jpg,4.00,9.73,10.00,3.41,5.65,5.70,
20260812_130321.jpg,1.43,3.66,5.56,1.00,6.32,5.77,
20260812_130257.jpg,1.93,7.64,7.91,8.03,5.95,6.55,
20260812_130243.jpg,1.71,9.53,6.38,7.11,6.89,8.22,
20260812_130232.jpg,4.47,5.53,5.91,1.00,7.25,6.38,
20260812_130203.jpg,3.46,8.64,8.63,1.00,6.65,6.81,
20260812_130145.jpg,2.77,8.42,8.10,1.00,6.61,6.71,
20260812_130126.jpg,2.15,6.81,7.69,1.00,7.10,6.99,
20260812_130118.jpg,9.65,8.36,8.62,9.75,6.97,7.91,
20260812_130104.jpg,4.15,8.80,9.39,1.00,6.04,5.98,
20260812_130042.jpg,1.00,4.18,1.00,1.00,6.42,5.40,
20260812_130024.jpg,7.15,6.25,8.26,2.53,7.09,7.21,
20260812_130006.jpg,4.34,8.07,10.00,7.98,6.48,6.32,
20260812_125948.jpg,5.35,8.90,8.91,8.77,6.19,6.49,
20260812_125937.jpg,5.18,9.25,8.36,3.73,6.60,7.16,
20260812_125922.jpg,5.16,9.22,9.02,8.70,6.60,6.75,
20260812_125831.jpg,2.70,7.80,7.33,1.00,6.14,5.76,
20260812_125815.jpg,9.99,9.39,9.76,10.00,6.08,7.06,
20260812_125806.jpg,3.57,9.90,7.18,1.00,5.53,5.04,
20260812_125756.jpg,4.49,9.26,8.80,8.98,5.77,5.02,
20260812_125751.jpg,1.65,9.16,6.62,1.00,5.92,5.32,
20260812_125725.jpg,2.59,8.11,6.71,2.25,5.33,4.01,
20260812_125716.jpg,3.54,9.63,3.34,8.71,4.51,4.11,
20260812_125709.jpg,5.71,9.90,4.78,10.00,5.06,5.11,
20260812_125705.jpg,2.36,8.99,4.70,1.00,5.88,6.40,
20260812_125700.jpg,2.26,8.10,6.00,6.49,5.64,6.01,
20260812_125654.jpg,4.72,7.93,7.45,9.50,5.84,7.44,
20260812_125650.jpg,3.77,9.19,6.25,7.10,5.43,6.00,
20260812_125627.jpg,2.29,8.91,2.74,4.86,5.23,4.33,
20260812_125602.jpg,10.00,9.54,5.96,10.00,4.63,6.54,
20260812_125552.jpg,5.65,4.40,8.44,7.00,5.39,4.83,
20260812_125548.jpg,10.00,8.27,6.54,7.96,5.70,6.93,
20260812_125445.jpg,5.52,9.16,8.41,8.89,4.17,4.55,
20260727_063738.jpg,6.30,7.29,1.00,7.85,4.64,4.43,
20260727_063734.jpg,7.03,9.55,4.57,8.80,5.72,5.98,
20260727_063732.jpg,4.74,8.77,4.13,8.52,4.68,4.94,
20260727_063728.jpg,2.87,9.65,4.40,9.41,3.90,4.62,
20260727_063724.jpg,2.56,9.61,2.54,7.56,4.76,5.51,
20260727_063720.jpg,1.22,3.27,1.00,3.82,3.32,3.27,
20260707_125308.jpg,7.03,9.55,4.57,8.80,5.72,5.98,
20260707_125304.jpg,4.74,8.77,4.13,8.52,4.68,4.94,
20260707_125300.jpg,2.87,9.65,4.40,9.41,3.90,4.62,
20260707_125256.jpg,2.56,9.61,2.54,7.56,4.76,5.51,
20260707_125252.jpg,1.22,3.27,1.00,3.82,3.32,3.27,
20260624_114922_001.jpg,2.27,9.84,7.97,8.44,4.36,4.87,
20260624_114922.jpg,2.27,9.84,7.97,8.44,4.36,4.87,
20260624_114133_001.jpg,4.74,8.66,7.34,7.15,4.03,4.98,
20260624_114133.jpg,4.74,8.66,7.34,7.15,4.03,4.98,
20260624_112909_001.jpg,1.00,9.87,2.88,5.38,3.68,3.50,
20260624_112909.jpg,1.00,9.87,2.88,5.38,3.68,3.50,
20260624_102900_001.jpg,1.77,9.02,5.79,1.00,5.01,5.46,
20260624_102900.jpg,1.77,9.02,5.79,1.00,5.01,5.46,
20260624_102758_001.jpg,1.17,9.68,5.48,5.85,5.35,5.24,
20260624_102758.jpg,1.17,9.68,5.48,5.85,5.35,5.24,
20260624_102105_001.jpg,1.42,8.01,6.54,6.23,4.39,4.98,
20260624_102105.jpg,1.42,8.01,6.54,6.23,4.39,4.98,
20260624_101715_001.jpg,1.99,3.01,2.03,8.60,4.28,4.42,
20260624_101715.jpg,1.99,3.01,2.03,8.60,4.28,4.42,
20260624_100835_001.jpg,1.51,1.00,5.74,7.13,5.57,5.33,
20260624_100835.jpg,1.51,1.00,5.74,7.13,5.57,5.33,
20260620_000032.jpg,1.40,8.97,1.00,5.43,4.21,4.36,
20260620_000024.jpg,1.58,9.20,1.00,2.26,4.95,5.78,
UNPARSABLE_DATE_066.jpg,1.58,9.20,1.00,2.26,4.95,5.78,
UNPARSABLE_DATE_065.jpg,2.85,1.96,1.00,6.96,4.67,4.28,
UNPARSABLE_DATE_064.jpg,1.40,8.97,1.00,5.43,4.21,4.36,
UNPARSABLE_DATE_063.jpg,5.39,1.00,1.73,2.43,5.08,6.39,
UNPARSABLE_DATE_062.jpg,1.48,8.40,1.00,5.38,4.05,4.78,
UNPARSABLE_DATE_061.jpg,2.07,7.88,1.00,5.84,5.31,6.05,
UNPARSABLE_DATE_060.jpg,1.59,7.42,1.00,3.08,4.37,4.17,
UNPARSABLE_DATE_059.jpg,1.81,7.99,1.00,5.40,4.19,5.45,
UNPARSABLE_DATE_058.jpg,3.19,1.00,1.00,6.96,5.39,7.00,
UNPARSABLE_DATE_057.jpg,1.79,1.00,1.00,5.75,4.01,4.24,
UNPARSABLE_DATE_056.jpg,1.26,5.05,1.00,1.57,5.68,6.47,
UNPARSABLE_DATE_015.jpg,1.30,10.00,3.99,3.62,4.49,4.29,
UNPARSABLE_DATE_014.jpg,1.40,9.15,4.39,1.47,4.72,5.34,
UNPARSABLE_DATE_013.jpg,1.43,9.61,5.06,3.54,4.49,6.00,
UNPARSABLE_DATE_012.jpg,1.12,8.31,1.22,3.35,4.49,5.84,
UNPARSABLE_DATE_011.jpg,7.03,9.55,4.57,8.80,5.72,5.98,
UNPARSABLE_DATE_010.jpg,7.03,9.55,4.57,8.80,5.72,5.98,
UNPARSABLE_DATE_009.jpg,6.30,7.29,1.00,7.85,4.64,4.43,
UNPARSABLE_DATE_008.jpg,4.74,8.77,4.13,8.52,4.68,4.94,
UNPARSABLE_DATE_007.jpg,4.74,8.77,4.13,8.52,4.68,4.94,
UNPARSABLE_DATE_006.jpg,2.56,9.61,2.54,7.56,4.76,5.51,
UNPARSABLE_DATE_005.jpg,2.56,9.61,2.54,7.56,4.76,5.51,
UNPARSABLE_DATE_004.jpg,1.22,3.27,1.00,3.82,3.32,3.27,
UNPARSABLE_DATE_003.jpg,1.22,3.27,1.00,3.82,3.32,3.27,
UNPARSABLE_DATE_002.jpg,2.87,9.65,4.40,9.41,3.90,4.62,
UNPARSABLE_DATE_001.jpg,2.87,9.65,4.40,9.41,3.90,4.62,
20261006_144600.jpg,9.85,8.40,4.29,7.39,6.00,7.16,
20260928_013200.jpg,5.06,9.62,4.37,9.44,6.09,7.19,
20260928_013158.jpg,10.00,8.88,4.91,10.00,5.71,6.82,
20260928_013154.jpg,3.78,1.15,3.67,2.67,5.76,6.00,
20260928_013152.jpg,2.94,3.65,3.42,7.14,6.54,6.93,
20260928_013150.jpg,3.72,1.00,2.51,4.83,5.98,6.26,
20260928_013148.jpg,7.17,1.00,2.03,6.12,6.57,7.22,
20260928_013144.jpg,10.00,6.57,4.34,4.50,6.19,7.00,
20260928_013142.jpg,2.65,1.00,6.47,6.56,5.85,6.02,
20260928_013140.jpg,3.18,1.00,4.10,3.69,5.62,6.38,
20260928_013132.jpg,4.42,9.46,1.18,10.00,4.20,3.26,
20260928_013128.jpg,1.06,9.01,1.00,4.18,4.10,5.66,
20260928_013126.jpg,2.98,2.41,2.96,6.39,5.59,7.19,
20260928_013124.jpg,6.78,9.06,1.00,9.70,4.48,6.27,
20260928_013120.jpg,7.83,8.36,2.64,8.23,4.48,6.51,
20260928_013118.jpg,3.25,9.24,5.64,8.83,4.41,6.85,
20260928_013116.jpg,1.34,9.46,1.00,7.28,4.40,5.51,
20260928_013114.jpg,1.12,9.79,1.00,7.29,5.29,6.07,
20260928_013112.jpg,3.65,9.42,1.00,8.01,5.07,6.17,
20260928_013108.jpg,2.25,9.50,1.00,8.84,4.35,5.47,
20260928_013106.jpg,2.80,9.06,1.21,8.95,4.89,5.26,
20260825_034856_001.jpg,6.15,8.19,8.19,10.00,4.48,4.23,
20260825_034856.jpg,8.10,8.87,8.89,10.00,5.59,5.75,
20260825_034854.jpg,5.94,9.60,10.00,10.00,4.30,4.43,
20260825_034852_001.jpg,4.06,9.21,8.94,10.00,5.17,6.42,
20260825_034852.jpg,5.81,9.24,10.00,10.00,4.36,4.78,
20260718_104509.jpg,7.29,8.13,7.67,9.46,4.80,6.02,
20260718_104444.jpg,3.74,9.22,7.66,8.58,4.44,5.34,
20260716_081049.jpg,4.97,7.84,2.25,7.95,4.37,4.24,
