filnavn,score
20260612_150000.jpg,5
20260612_150000_001.jpg,7
20260528_134719.jpg,3
20260528_134718.jpg,4
20260528_134718_001.jpg,4
20260528_134642.jpg,4
20260528_134641.jpg,4
20260528_134640.jpg,
20260528_134634.jpg,
20260528_134632.jpg,
20260528_134631.jpg,
20260528_134627.jpg,
20260528_134625.jpg,
20260528_134624.jpg,
20260528_134611.jpg,
20260528_134609.jpg,
20260528_134604.jpg,
20260528_134558.jpg,
20260528_134557.jpg,
20260528_134556.jpg,
20260528_134551.jpg,
20260528_134550.jpg,
20260528_134548.jpg,
20260528_134541.jpg,
20260528_134540.jpg,
20260528_134537.jpg,
20260523_150000.jpg,
20260523_150000_006.jpg,
20260523_150000_005.jpg,
20260523_150000_004.jpg,
20260523_150000_003.jpg,
20260523_150000_002.jpg,
20260523_150000_001.jpg,
20260217_135057.jpg,
20260217_135056.jpg,
20260217_135054.jpg,
20260217_135054_001.jpg,
20260217_125941.jpg,
20260217_125941_001.jpg,
20260217_125936.jpg,
20260217_125936_001.jpg,
20260217_125907.jpg,
20260217_125906.jpg,
20260217_124626.jpg,
20260217_124625.jpg,
20260217_124624.jpg,
20260217_123615.jpg,
20260217_123615_001.jpg,
20260217_123612.jpg,
20260217_123611.jpg,
20260217_122811.jpg,
20260217_122809.jpg,
20250619_122636.jpg,
20250619_122629.jpg,
20250619_122628.jpg,
20250619_122625.jpg,
20250619_122622.jpg,
20250619_122620.jpg,
20250321_141348.jpg,
20250321_141346.jpg,
20250321_141342.jpg,
20250321_141334.jpg,
20250321_141313.jpg,
20250321_141220.jpg,
20250321_141215.jpg,
20250321_141200.jpg,
20250321_141155.jpg,
20250321_141144.jpg,
20250321_141142.jpg,
20250321_141135.jpg,
20250321_141128.jpg,
20250321_141125.jpg,
20250321_141122.jpg,
20250321_141119.jpg,
20250321_141117.jpg,
20250321_141113.jpg,
20250321_141111.jpg,
20250321_141110.jpg,
20250321_141055.jpg,
20250321_141050.jpg,
20250321_141045.jpg,
20250321_141043.jpg,
20250321_141042.jpg,
20250321_141036.jpg,
20250321_141035.jpg,
20250321_141031.jpg,
20250321_141030.jpg,
20250129_131504.jpg,
20250129_131500.jpg,
20250129_131458.jpg,
20250109_122205.jpg,
20250109_122201.jpg,
20250109_122132.jpg,
20250109_122003.jpg,
20250109_122002.jpg,
20250109_121944.jpg,
20250109_121936.jpg,
20250109_121930.jpg,
20250109_121924.jpg,
20250109_121922.jpg,
20250109_121920.jpg,
20250109_120033.jpg,
20250109_120030.jpg,
20250109_120016.jpg,
20250109_120008.jpg,
20250109_120001.jpg,
20250109_115954.jpg,
20250109_115221.jpg,
20250109_115215.jpg,
20250109_115153.jpg,
20250109_115148.jpg,
20250109_114759.jpg,
20250109_114756.jpg,
20250109_114750.jpg,
20250109_114745.jpg,
20250109_114732.jpg,
20231113_143333.jpg,
20231113_142742.jpg,
20231113_142529.jpg,
20231113_142419.jpg,
20231113_142251.jpg,
20231113_142134.jpg,
20231113_142025.jpg,
20231113_141733.jpg,
20230602_093222.jpg,
20230602_093207.jpg,
20230602_093200.jpg,
20230126_151114.jpg,
20230126_142614.jpg,
20230126_142601.jpg,
20230126_142548.jpg,
20230126_142533.jpg,
20230126_142528.jpg,
20230126_142410.jpg,
20230126_142354.jpg,
20230126_142304.jpg,
20230126_142245.jpg,
20230126_141321.jpg,
20230126_141312.jpg,
20230126_131709.jpg,
20230126_131701.jpg,
20230126_131646.jpg,
20230126_131640.jpg,
20230126_131611.jpg,
20230126_131556.jpg,
20230126_131539.jpg,
20230126_131527.jpg,
20230126_131520.jpg,
20230126_131446.jpg,
20230126_131419.jpg,
20230126_131411.jpg,
20230126_131406.jpg,
20230126_131357.jpg,
20230126_131355.jpg,
20230126_131352.jpg,
20230126_131342.jpg,
20230126_131326.jpg,
20230126_131314.jpg,
20230126_131305.jpg,
20230126_131302.jpg,
20230126_131258.jpg,
20230126_131251.jpg,
20230126_131231.jpg,
20230126_131216.jpg,
20230126_131210.jpg,
20230126_131159.jpg,
20230126_131158.jpg,
20230126_131145.jpg,
20230126_131138.jpg,
20230126_131136.jpg,
20230126_131134.jpg,
20230126_131122.jpg,
20230126_131121.jpg,
20230126_131121_001.jpg,
20230126_131120.jpg,
20230126_131107.jpg,
20230126_131106.jpg,
20230126_131050.jpg,
20230126_131037.jpg,
20230126_131031.jpg,
20230126_131016.jpg,
20230126_131010.jpg,
20230126_131009.jpg,
20230126_131008.jpg,
20230126_131000.jpg,
20230126_130958.jpg,
20230126_130954.jpg,
20230126_130953.jpg,
20230126_130950.jpg,
20230126_130934.jpg,
20230126_130929.jpg,
20230126_130913.jpg,
20230126_130911.jpg,
20230126_130909.jpg,
20230126_130908.jpg,
20230126_130901.jpg,
20230126_130900.jpg,
20230126_130856.jpg,
20230126_130849.jpg,
20230126_130845.jpg,
20230126_130841.jpg,
20230126_130835.jpg,
20230126_130831.jpg,
20230126_130831_001.jpg,
20230126_130829.jpg,
20230126_130828.jpg,
20230126_130824.jpg,
20230126_130822.jpg,
20230126_130821.jpg,
20230126_130812.jpg,
20230126_130756.jpg,
20230126_130748.jpg,
20230126_130744.jpg,
20230126_130743.jpg,
20230126_130740.jpg,
20230126_130727.jpg,
20230126_130712.jpg,
20230126_130706.jpg,
20230126_130704.jpg,
20230126_130658.jpg,
20230126_130657.jpg,
20230126_130657_001.jpg,
20230126_130646.jpg,
20230126_130645.jpg,
20230126_130643.jpg,
20230126_130641.jpg,
20230126_130631.jpg,
20230126_130625.jpg,
20230126_130621.jpg,
20230126_130618.jpg,
20230126_130616.jpg,
20230126_130612.jpg,
20230126_130606.jpg,
20230126_130604.jpg,
20230126_130601.jpg,
20230126_130600.jpg,
20230126_130557.jpg,
20230126_130551.jpg,
20230126_130550.jpg,
20230126_130547.jpg,
20230126_130546.jpg,
20230126_130518.jpg,
20230126_130514.jpg,
20230126_130511.jpg,
20230126_130304.jpg,
20230126_130250.jpg,
20230126_130248.jpg,
20230126_130246.jpg,
20230126_130241.jpg,
20230126_130153.jpg,
20230126_130139.jpg,
20230126_130132.jpg,
20230126_130128.jpg,
20230126_130117.jpg,
20230126_130107.jpg,
20230126_130057.jpg,
20230126_130037.jpg,
20230126_130029.jpg,
20230126_130026.jpg,
20230126_130019.jpg,
20230126_130009.jpg,
20230126_130002.jpg,
20230126_125905.jpg,
20230126_125838.jpg,
20230126_125836.jpg,
20230126_125823.jpg,
20230126_125818.jpg,
20230126_125205.jpg,
20230126_125204.jpg,
20230126_125203.jpg,
20230116_113847.jpg,
20230116_113842.jpg,
20230116_113837.jpg,
20230116_113821.jpg,
20230116_113820.jpg,
20230116_113804.jpg,
20230116_113800.jpg,
20230116_113757.jpg,
20230116_113757_001.jpg,
20230116_113756.jpg,
20230116_113748.jpg,
20230116_113722.jpg,
20230116_113715.jpg,
20230116_113714.jpg,
20230116_113709.jpg,
20230116_113705.jpg,
20230116_113701.jpg,
20230116_113658.jpg,
20230116_113654.jpg,
20230116_113648.jpg,
20230116_113646.jpg,
20230116_113638.jpg,
20230116_113637.jpg,
20230116_113634.jpg,
20230116_113632.jpg,
20230116_113627.jpg,
20230116_113623.jpg,
20230116_113618.jpg,
20230116_113613.jpg,
20230116_113612.jpg,
20230116_113600.jpg,
20230116_113559.jpg,
20230116_113551.jpg,
20230116_113548.jpg,
20230116_113543.jpg,
20230116_113540.jpg,
20230116_113539.jpg,
20230116_113531.jpg,
20230116_113529.jpg,
20230116_113521.jpg,
20230116_113520.jpg,
20230116_113519.jpg,
20230116_113516.jpg,
20230116_113516_001.jpg,
20230116_113514.jpg,
20230116_113454.jpg,
20230116_113450.jpg,
20230116_113447.jpg,
20230116_113446.jpg,
20230116_113439.jpg,
20230116_113438.jpg,
20230116_113416.jpg,
20230116_113415.jpg,
20230116_113414.jpg,
20230116_113353.jpg,
20230116_113353_001.jpg,
20230116_113346.jpg,
20230116_113339.jpg,
20230116_113332.jpg,
20230116_113329.jpg,
20230116_113323.jpg,
20230116_113320.jpg,
20230116_113317.jpg,
20230116_113315.jpg,
20230116_113309.jpg,
20230116_113254.jpg,
20230116_113253.jpg,
20230116_113228.jpg,
20230116_113225.jpg,
20230116_113221.jpg,
20230116_113216.jpg,
20230116_113127.jpg,
20230116_113126.jpg,
20230116_113117.jpg,
20230116_113114.jpg,
20230116_113111.jpg,
20230116_113105.jpg,
20230116_113104.jpg,
20230116_113100.jpg,
20230116_113057.jpg,
20230116_113054.jpg,
20230116_113052.jpg,
20230116_113051.jpg,
20230116_113047.jpg,
20230116_113042.jpg,
20230116_113037.jpg,
20230116_113032.jpg,
20230116_113031.jpg,
20230116_113026.jpg,
20230116_113025.jpg,
20230116_113022.jpg,
20230116_113020.jpg,
20230116_113016.jpg,
20230116_113011.jpg,
20230116_113011_001.jpg,
20230116_113001.jpg,
20230116_112956.jpg,
20230116_112955.jpg,
20230116_112954.jpg,
20230116_112855.jpg,
20230116_112837.jpg,
20230116_112815.jpg,
20230116_112729.jpg,
20230116_112622.jpg,
20230116_112601.jpg,
20230116_112544.jpg,
20230116_112418.jpg,
20230116_112415.jpg,
20230116_112409.jpg,
20230116_112407.jpg,
20230116_112406.jpg,
20230116_112402.jpg,
20230116_112402_001.jpg,
20230116_112359.jpg,
20230116_112356.jpg,
20230116_112350.jpg,
20230116_112344.jpg,
20230116_112337.jpg,
20230116_112336.jpg,
20230116_112332.jpg,
20230116_112332_002.jpg,
20230116_112332_001.jpg,
20230116_112329.jpg,
20230116_112329_001.jpg,
20230116_112320.jpg,
20230116_112319.jpg,
20230116_112317.jpg,
20230116_112316.jpg,
20230116_112215.jpg,
20230116_112211.jpg,
20230116_112206.jpg,
20230116_112158.jpg,
20230116_112131.jpg,
20230116_112130.jpg,
20230116_112128.jpg,
20230116_112124.jpg,
20230116_112122.jpg,
20230116_112119.jpg,
20230116_112105.jpg,
20230116_112104.jpg,
20230116_112051.jpg,
20230116_112048.jpg,
20230116_112045.jpg,
20230116_112030.jpg,
20230116_112026.jpg,
20230116_112024.jpg,
20230116_112020.jpg,
20230116_112012.jpg,
20230116_112005.jpg,
20230116_112002.jpg,
20230116_111959.jpg,
20230116_111957.jpg,
20230116_111954.jpg,
20230116_111953.jpg,
20230116_110250.jpg,
20230116_110249.jpg,
20230116_110242.jpg,
20230116_110241.jpg,
20230116_110238.jpg,
20230116_110232.jpg,
20230116_110231.jpg,
20230116_110211.jpg,
20230116_110210.jpg,
20230116_110206.jpg,
20230116_110204.jpg,
20230116_110057.jpg,
20230116_110045.jpg,
20230116_110044.jpg,
20230116_110039.jpg,
20230116_110036.jpg,
20230116_110032.jpg,
20230116_110008.jpg,
20230116_110004.jpg,
20230116_105942.jpg,
20230116_105928.jpg,
20230116_105926.jpg,
20230116_105920.jpg,
20230116_105917.jpg,
20230113_143401.jpg,
20230113_142422.jpg,
20230113_142415.jpg,
20230113_142400.jpg,
20230113_142351.jpg,
20230113_142338.jpg,
20230113_142329.jpg,
20230113_142303.jpg,
20230113_142252.jpg,
20230113_142238.jpg,
20230113_142235.jpg,
20230113_142154.jpg,
20230113_142141.jpg,
20230113_142119.jpg,
20230113_142107.jpg,
20230113_142053.jpg,
20230113_142045.jpg,
20230113_142034.jpg,
20230113_142026.jpg,
20230113_142023.jpg,
20230113_142018.jpg,
20230113_142013.jpg,
20230113_142006.jpg,
20230113_141927.jpg,
20230113_141912.jpg,
20230113_141902.jpg,
20230113_141851.jpg,
20230113_141841.jpg,
20230113_141802.jpg,
20230113_141750.jpg,
20230113_141732.jpg,
20230113_141709.jpg,
20230113_141705.jpg,
20230113_141702.jpg,
20230113_141659.jpg,
20230113_141654.jpg,
20230113_141647.jpg,
20230113_141635.jpg,
20230113_141626.jpg,
20230113_141606.jpg,
20230113_141553.jpg,
20230113_141546.jpg,
20230113_141538.jpg,
20230113_141517.jpg,
20230113_141506.jpg,
20230113_141416.jpg,
20230113_141409.jpg,
20230113_141402.jpg,
20230113_141331.jpg,
20230113_141311.jpg,
20230113_141256.jpg,
20230113_141224.jpg,
20230113_141211.jpg,
20230113_141207.jpg,
20230113_141151.jpg,
20230113_141147.jpg,
20230113_141140.jpg,
20230113_141134.jpg,
20230113_141123.jpg,
20230113_141121.jpg,
20230113_141118.jpg,
20230113_141110.jpg,
20230113_141104.jpg,
20230113_141057.jpg,
20230113_141050.jpg,
20230113_141040.jpg,
20230113_141027.jpg,
20230113_141011.jpg,
20230113_141000.jpg,
20230113_140954.jpg,
20230113_140943.jpg,
20230113_140933.jpg,
20230113_140921.jpg,
20230113_140913.jpg,
20230113_140901.jpg,
20230113_140855.jpg,
20230113_140848.jpg,
20230113_140842.jpg,
20230113_140832.jpg,
20230113_140822.jpg,
20230113_140816.jpg,
20230113_140803.jpg,
20230113_140801.jpg,
20230113_140750.jpg,
20230113_140746.jpg,
20230113_140720.jpg,
20230113_140711.jpg,
20230113_140707.jpg,
20230113_140701.jpg,
20230113_140654.jpg,
20230113_140651.jpg,
20230113_140647.jpg,
20230113_140644.jpg,
20230113_140637.jpg,
20230113_140628.jpg,
20230113_140626.jpg,
20230113_140616.jpg,
20230113_140612.jpg,
20230113_140606.jpg,
20230113_140602.jpg,
20230113_140547.jpg,
20230113_140520.jpg,
20230113_140507.jpg,
20230113_140459.jpg,
20230113_140453.jpg,
20230113_140446.jpg,
20230113_140429.jpg,
20230113_140414.jpg,
20230113_140350.jpg,
20230113_140342.jpg,
20230113_140332.jpg,
20230113_140320.jpg,
20230113_140307.jpg,
20230113_140252.jpg,
20230113_135054.jpg,
20230113_135051.jpg,
20230113_135048.jpg,
20230113_135044.jpg,
20230113_135036.jpg,
20230113_135031.jpg,
20230113_135018.jpg,
20230113_135008.jpg,
20230113_134928.jpg,
20230113_134909.jpg,
20230113_134902.jpg,
20230113_134850.jpg,
20230113_134837.jpg,
20230113_134822.jpg,
20230113_134819.jpg,
20230113_134816.jpg,
20230113_134811.jpg,
20230113_134801.jpg,
20230113_134757.jpg,
20230113_134755.jpg,
20230113_134747.jpg,
20230113_134741.jpg,
20230113_134735.jpg,
20230113_134727.jpg,
20230113_134718.jpg,
20230113_134716.jpg,
20230113_134705.jpg,
20230113_134644.jpg,
20230113_134626.jpg,
20230113_134619.jpg,
20230113_134615.jpg,
20230113_134601.jpg,
20230113_134600.jpg,
20230113_134531.jpg,
20230113_134512.jpg,
20230113_134454.jpg,
20230113_134449.jpg,
20230113_134432.jpg,
20230113_134409.jpg,
20230113_134400.jpg,
20230113_134356.jpg,
20230113_134330.jpg,
20230113_134322.jpg,
20230113_134316.jpg,
20230113_134311.jpg,
20230113_134301.jpg,
20230113_134256.jpg,
20230113_134254.jpg,
20230113_134245.jpg,
20230113_134229.jpg,
20230113_134227.jpg,
20230113_134221.jpg,
20230113_134207.jpg,
20230113_134134.jpg,
20230113_134133.jpg,
20230113_134059.jpg,
20230113_134054.jpg,
20230113_134048.jpg,
20230113_134034.jpg,
20230113_134029.jpg,
20230113_134025.jpg,
20230113_134005.jpg,
20230113_133959.jpg,
20230113_133958.jpg,
20230113_133947.jpg,
20230113_133940.jpg,
20230113_133917.jpg,
20230113_133901.jpg,
20230113_133839.jpg,
20230113_133835.jpg,
20230113_133828.jpg,
20230113_133822.jpg,
20230113_133751.jpg,
20230113_133747.jpg,
20230113_133716.jpg,
20230113_133658.jpg,
20230113_133642.jpg,
20230113_133550.jpg,
20230113_133539.jpg,
20230113_133520.jpg,
20230113_133458.jpg,
20230113_133444.jpg,
20230113_133434.jpg,
20230113_133431.jpg,
20230113_133425.jpg,
20230113_133421.jpg,
20230113_133410.jpg,
20230113_133402.jpg,
20230113_133359.jpg,
20230113_133344.jpg,
20230113_133342.jpg,
20230113_133341.jpg,
20230113_133315.jpg,
20230113_133313.jpg,
20230113_133252.jpg,
20230113_133244.jpg,
20230113_133233.jpg,
20230113_133232.jpg,
20230113_133221.jpg,
20230113_133221_001.jpg,
20230113_133206.jpg,
20230113_133204.jpg,
20230113_133203.jpg,
20230113_133153.jpg,
20230113_133149.jpg,
20230113_133148.jpg,
20230113_133134.jpg,
20230113_133131.jpg,
20230113_133120.jpg,
20230113_133120_001.jpg,
20230113_133112.jpg,
20230113_133101.jpg,
20230113_133100.jpg,
20230113_133054.jpg,
20230112_154036.jpg,
20230112_154034.jpg,
20230112_154010.jpg,
20230112_153954.jpg,
20230112_153953.jpg,
20230112_153952.jpg,
20230112_153945.jpg,
20230112_153942.jpg,
20230112_153907.jpg,
20230112_153902.jpg,
20230112_153856.jpg,
20230112_153854.jpg,
20230112_153851.jpg,
20230112_153837.jpg,
20230112_153836.jpg,
20230112_153834.jpg,
20230112_153831.jpg,
20230112_153826.jpg,
20230112_153819.jpg,
20230112_153815.jpg,
20230112_153813.jpg,
20230112_153812.jpg,
20230112_153810.jpg,
20230112_153809.jpg,
20230112_153758.jpg,
20230112_153753.jpg,
20230112_153751.jpg,
20230112_153743.jpg,
20230112_153737.jpg,
20230112_153732.jpg,
20230112_153731.jpg,
20230112_153721.jpg,
20230112_153716.jpg,
20230112_153713.jpg,
20230112_153710.jpg,
20230112_153703.jpg,
20230112_153657.jpg,
20230112_153651.jpg,
20230112_153641.jpg,
20230112_153636.jpg,
20230112_153622.jpg,
20230112_153215.jpg,
20230112_153137.jpg,
20230112_153136.jpg,
20230112_153131.jpg,
20230112_153120.jpg,
20230112_153115.jpg,
20230112_153107.jpg,
20230112_153100.jpg,
20230112_153056.jpg,
20230112_153046.jpg,
20230112_153042.jpg,
20230112_153029.jpg,
20230112_153026.jpg,
20230112_153020.jpg,
20230112_152951.jpg,
20230112_152947.jpg,
20230112_152935.jpg,
20230112_152924.jpg,
20230112_152923.jpg,
20230112_152901.jpg,
20230112_152857.jpg,
20230112_152829.jpg,
20230112_152821.jpg,
20230112_152818.jpg,
20230112_152814.jpg,
20230112_152727.jpg,
20230112_152722.jpg,
20230112_152548.jpg,
20230112_152536.jpg,
20230112_152534.jpg,
20230112_152528.jpg,
20230112_152513.jpg,
20230112_152512.jpg,
20230112_152435.jpg,
20230112_152432.jpg,
20230112_152422.jpg,
20230112_152421.jpg,
20230112_152357.jpg,
20230112_152347.jpg,
20230112_152345.jpg,
20230112_152335.jpg,
20230112_152334.jpg,
20230112_152257.jpg,
20230112_152255.jpg,
20230112_152002.jpg,
20230112_151956.jpg,
20230112_151944.jpg,
20230112_151936.jpg,
20230112_151935.jpg,
20230112_151934.jpg,
20230112_151915.jpg,
20230112_151909.jpg,
20230112_151845.jpg,
20230112_151839.jpg,
20230112_151821.jpg,
20230112_151819.jpg,
20230112_151815.jpg,
20230112_151813.jpg,
20230112_151805.jpg,
20230112_151800.jpg,
20230112_151759.jpg,
20230112_151755.jpg,
20230112_151755_001.jpg,
20230112_151741.jpg,
20230112_151739.jpg,
20230112_151732.jpg,
20230112_151639.jpg,
20230112_151633.jpg,
20230112_151632.jpg,
20230112_151615.jpg,
20230112_151613.jpg,
20230112_151612.jpg,
20230112_151604.jpg,
20230112_151550.jpg,
20230112_151541.jpg,
20230112_151539.jpg,
20230112_151537.jpg,
20230112_151514.jpg,
20230112_151507.jpg,
20230112_151505.jpg,
20230112_151500.jpg,
20230112_145021.jpg,
20230112_145009.jpg,
20230112_145007.jpg,
20230112_145004.jpg,
20230112_145002.jpg,
20230112_144928.jpg,
20230112_144925.jpg,
20230112_144916.jpg,
20230112_144907.jpg,
20230112_144904.jpg,
20230112_144857.jpg,
20230112_144846.jpg,
20230112_144834.jpg,
20230112_144831.jpg,
20230112_144819.jpg,
20230112_144815.jpg,
20230112_144641.jpg,
20230112_144639.jpg,
20230112_144631.jpg,
20230112_144628.jpg,
20230112_144625.jpg,
20230112_144621.jpg,
20230112_144611.jpg,
20230112_144609.jpg,
20230112_144601.jpg,
20230112_144559.jpg,
20230112_144558.jpg,
20230112_144546.jpg,
20230112_144540.jpg,
20230112_144538.jpg,
20230112_144445.jpg,
20230112_144443.jpg,
20230112_144440.jpg,
20230112_144439.jpg,
20230112_144433.jpg,
20230112_144431.jpg,
20230112_144431_001.jpg,
20230112_144354.jpg,
20230112_144353.jpg,
20230112_144341.jpg,
20230112_144334.jpg,
20230112_144332.jpg,
20230112_144330.jpg,
20230112_144323.jpg,
20230112_144318.jpg,
20230112_144313.jpg,
20230112_144302.jpg,
20230112_144250.jpg,
20230112_144241.jpg,
20230112_144237.jpg,
20230112_144234.jpg,
20230112_144223.jpg,
20230112_144215.jpg,
20230112_144209.jpg,
20230112_144206.jpg,
20230112_144140.jpg,
20230112_144135.jpg,
20230112_144131.jpg,
20230112_144125.jpg,
20230112_144057.jpg,
20230112_144050.jpg,
20230112_144048.jpg,
20230112_144047.jpg,
20230112_144032.jpg,
20230112_144018.jpg,
20230112_144013.jpg,
20230112_144011.jpg,
20230112_144008.jpg,
20230112_144005.jpg,
20230112_144001.jpg,
20230112_144000.jpg,
20230112_143959.jpg,
20230112_143946.jpg,
20230112_143942.jpg,
20230112_143936.jpg,
20230112_142157.jpg,
20230112_142156.jpg,
20230112_142142.jpg,
20230112_142106.jpg,
20230112_142058.jpg,
20230112_142026.jpg,
20230112_142022.jpg,
20230112_142017.jpg,
20230112_142012.jpg,
20230112_142011.jpg,
20230112_142005.jpg,
20230112_142002.jpg,
20230112_141959.jpg,
20230112_141954.jpg,
20230112_141943.jpg,
20230112_141856.jpg,
20230112_141850.jpg,
20230112_141840.jpg,
20230112_141831.jpg,
20230112_141816.jpg,
20230112_141740.jpg,
20230112_141727.jpg,
20230112_141721.jpg,
20230112_141719.jpg,
20230112_141715.jpg,
20230112_141713.jpg,
20230112_141707.jpg,
20230112_141658.jpg,
20230112_141655.jpg,
20230112_141650.jpg,
20230112_141644.jpg,
20230112_141640.jpg,
20230112_141628.jpg,
20230112_141626.jpg,
20230112_141619.jpg,
20230112_141611.jpg,
20230112_141609.jpg,
20230112_141600.jpg,
20230112_141558.jpg,
20230112_141556.jpg,
20230112_141554.jpg,
20230112_141545.jpg,
20230112_141543.jpg,
20230112_141537.jpg,
20230112_133433.jpg,
20230112_133431.jpg,
20230112_133426.jpg,
20230112_133417.jpg,
20230112_133412.jpg,
20230112_133410.jpg,
20230112_133407.jpg,
20230112_133404.jpg,
20230112_133400.jpg,
20230112_133347.jpg,
20230112_133344.jpg,
20230112_133342.jpg,
20230112_133340.jpg,
20230112_133337.jpg,
20230112_133334.jpg,
20230112_133322.jpg,
20230112_133311.jpg,
20230112_133252.jpg,
20230112_133248.jpg,
20230112_133247.jpg,
20230112_133225.jpg,
20230112_133213.jpg,
20230112_133149.jpg,
20230112_133117.jpg,
20230112_133110.jpg,
20230112_133104.jpg,
20230112_133036.jpg,
20230112_133018.jpg,
20230112_133011.jpg,
20230112_133006.jpg,
20230112_133004.jpg,
20230112_133001.jpg,
20230112_133000.jpg,
20230112_132953.jpg,
20230112_132951.jpg,
20230112_132936.jpg,
20230112_132850.jpg,
20230112_132840.jpg,
20230112_132837.jpg,
20230112_132828.jpg,
20230112_132824.jpg,
20230112_132821.jpg,
20230112_132818.jpg,
20230112_132812.jpg,
20230112_132811.jpg,
20230112_132802.jpg,
20230112_132738.jpg,
20230112_132731.jpg,
20230112_132715.jpg,
20230112_132702.jpg,
20230112_132656.jpg,
20230112_132654.jpg,
20230112_132652.jpg,
20230112_132650.jpg,
20230112_132647.jpg,
20230112_132642.jpg,
20230112_132637.jpg,
20230112_132634.jpg,
20230112_130102.jpg,
20230112_130057.jpg,
20230112_130057_001.jpg,
20230112_130040.jpg,
20230112_130031.jpg,
20230112_130028.jpg,
20230112_130025.jpg,
20230112_130022.jpg,
20230112_130019.jpg,
20230112_130014.jpg,
20230112_125955.jpg,
20230112_125949.jpg,
20230112_125945.jpg,
20230112_125935.jpg,
20230112_125929.jpg,
20230112_125928.jpg,
20230112_125904.jpg,
20230112_125902.jpg,
20230112_125852.jpg,
20230112_125849.jpg,
20230112_125842.jpg,
20230112_125840.jpg,
20230112_125838.jpg,
20230112_125836.jpg,
20230112_125833.jpg,
20230112_125830.jpg,
20230112_125829.jpg,
20230112_125046.jpg,
20230112_125042.jpg,
20230112_124825.jpg,
20230112_124821.jpg,
20230112_124815.jpg,
20230112_124813.jpg,
20230112_124808.jpg,
20230112_124806.jpg,
20230112_124755.jpg,
20230112_124753.jpg,
20230112_124750.jpg,
20230112_124744.jpg,
20230112_124741.jpg,
20230112_124738.jpg,
20230112_124720.jpg,
20230112_124716.jpg,
20230112_124713.jpg,
20230112_124709.jpg,
20230112_124706.jpg,
20230112_124701.jpg,
20230112_123831.jpg,
20230112_123829.jpg,
20230112_123824.jpg,
20230112_123822.jpg,
20230112_123820.jpg,
20230112_123810.jpg,
20230112_123807.jpg,
20230112_123804.jpg,
20230112_123801.jpg,
20230112_123758.jpg,
20230112_123755.jpg,
20230112_123749.jpg,
20230112_123748.jpg,
20230112_123744.jpg,
20230112_123742.jpg,
20230112_123739.jpg,
20230112_123736.jpg,
20230112_123731.jpg,
20230112_123719.jpg,
20230112_123716.jpg,
20230112_123706.jpg,
20230112_123704.jpg,
20230112_123701.jpg,
20230112_123701_001.jpg,
20230112_123655.jpg,
20230112_123652.jpg,
20230112_123651.jpg,
20230112_123643.jpg,
20230112_123640.jpg,
20230112_123638.jpg,
20230112_123636.jpg,
20230112_123632.jpg,
20230112_123630.jpg,
20230112_123621.jpg,
20230112_123618.jpg,
20230112_123614.jpg,
20230112_123606.jpg,
20230112_123557.jpg,
20230112_123537.jpg,
20230112_112516.jpg,
20230112_111708.jpg,
20230112_111653.jpg,
20230112_111635.jpg,
20230112_111634.jpg,
20230112_111628.jpg,
20230112_111620.jpg,
20230112_111617.jpg,
20230112_111613.jpg,
20230112_111610.jpg,
20230112_111552.jpg,
20230112_111548.jpg,
20230112_111543.jpg,
20230112_111536.jpg,
20230112_111533.jpg,
20230112_111531.jpg,
20230112_111530.jpg,
20230112_111528.jpg,
20230112_111526.jpg,
20230112_111522.jpg,
20230112_111513.jpg,
20230112_111508.jpg,
20230112_111503.jpg,
20230112_111501.jpg,
20230112_111459.jpg,
20230112_105713.jpg,
20230112_105706.jpg,
20230112_105702.jpg,
20230112_104918.jpg,
20230112_104912.jpg,
20230112_104901.jpg,
20230112_104853.jpg,
20230112_104346.jpg,
20230112_104341.jpg,
20230112_104338.jpg,
20230112_104327.jpg,
20230112_104311.jpg,
20230112_104309.jpg,
20230112_104306.jpg,
20230112_104300.jpg,
20230112_104258.jpg,
20230112_104252.jpg,
20230112_104240.jpg,
20230112_104236.jpg,
20230112_104231.jpg,
20230112_104228.jpg,
20230112_104226.jpg,
20230112_104222.jpg,
20230112_104220.jpg,
20230112_104219.jpg,
20230112_104214.jpg,
20230112_104211.jpg,
20230112_104208.jpg,
20230112_104202.jpg,
20230112_104200.jpg,
20230112_104153.jpg,
20230112_104147.jpg,
20230112_104140.jpg,
20230112_104136.jpg,
20230112_104133.jpg,
20230112_104129.jpg,
20230112_104120.jpg,
20230112_104118.jpg,
20230112_104115.jpg,
20230112_103952.jpg,
20230112_103944.jpg,
20230112_103927.jpg,
20230112_103918.jpg,
20230112_103914.jpg,
20230112_103905.jpg,
20230112_103823.jpg,
20230112_103818.jpg,
20230112_103803.jpg,
20230112_103750.jpg,
20230112_103742.jpg,
20230112_103732.jpg,
20230112_103717.jpg,
20230112_103710.jpg,
20230112_102216.jpg,
20230112_102215.jpg,
20230112_101936.jpg,
20230112_101934.jpg,
20230112_101929.jpg,
20230112_101921.jpg,
20230112_101915.jpg,
20230112_101911.jpg,
20230112_101902.jpg,
20230112_101900.jpg,
20230112_101858.jpg,
20230112_101852.jpg,
20230112_101845.jpg,
20230112_101841.jpg,
20230112_101833.jpg,
20230112_101825.jpg,
20230112_101822.jpg,
20230112_101813.jpg,
20230112_101758.jpg,
20230112_101752.jpg,
20230112_101749.jpg,
20230112_101748.jpg,
20230112_101742.jpg,
20230112_101730.jpg,
20230112_101728.jpg,
20230112_101722.jpg,
20230112_101719.jpg,
20230112_101715.jpg,
20230112_101655.jpg,
20230112_101646.jpg,
20230112_101638.jpg,
20230112_101632.jpg,
20230112_101628.jpg,
20230112_101621.jpg,
20230112_101612.jpg,
20230112_101608.jpg,
20230112_101556.jpg,
20230112_101554.jpg,
20230112_101549.jpg,
20230112_101431.jpg,
20230112_101413.jpg,
20230112_101411.jpg,
20230112_101308.jpg,
20230112_101305.jpg,
20230112_101300.jpg,
20230112_101259.jpg,
20230112_101249.jpg,
20230112_101239.jpg,
20230112_101231.jpg,
20230112_101228.jpg,
20230112_015734.jpg,
20221208_001248.jpg,
20221208_001246.jpg,
20221208_001244.jpg,
20221208_001244_002.jpg,
20221208_001244_001.jpg,
20221208_001242.jpg,
20221208_001242_001.jpg,
20221208_001240.jpg,
20221208_001238.jpg,
20221208_001238_001.jpg,
20221208_001236.jpg,
20221208_001236_001.jpg,
20221208_001234.jpg,
20221208_001230.jpg,
20221208_001230_001.jpg,
20221208_001228.jpg,
20221208_001228_001.jpg,
20221208_001224.jpg,
20221208_001224_001.jpg,
20221208_001222.jpg,
20221208_001222_001.jpg,
20221208_001220.jpg,
20221208_001216.jpg,
20221208_001216_001.jpg,
20221208_001214.jpg,
20221208_001212.jpg,
20221208_001212_001.jpg,
20221208_001210.jpg,
20221208_001208.jpg,
20221208_001206.jpg,
20221208_001206_001.jpg,
20221208_001204.jpg,
20221208_001204_001.jpg,
20221208_001202.jpg,
20221208_001202_001.jpg,
20221208_001200.jpg,
20221208_001158.jpg,
20221116_230642.jpg,
20221116_230642_002.jpg,
20221116_230642_001.jpg,
20221116_230640.jpg,
20221116_230640_002.jpg,
20221116_230640_001.jpg,
20221116_230638.jpg,
20221116_230638_001.jpg,
20221116_230636.jpg,
20221116_230636_001.jpg,
20221116_230634.jpg,
20221116_230634_001.jpg,
20221116_230632.jpg,
20221116_230630.jpg,
20221116_230630_001.jpg,
20221116_230628.jpg,
20221116_230628_001.jpg,
20221116_230626.jpg,
20221116_230626_001.jpg,
20221116_230622.jpg,
20221116_230622_003.jpg,
20221116_230622_002.jpg,
20221116_230622_001.jpg,
20221116_230620.jpg,
20221107_034938.jpg,
20221103_022936.jpg,
20221020_050220.jpg,
20221020_050156.jpg,
20201228_121146.jpg,
