filnavn,sharpness_raw,exposure_raw,brisque_raw,musiq_raw
20201228_121146.jpg,469.5112,0.015380,9.2438,70.5990
20221020_050156.jpg,705.8675,0.379606,32.8171,42.3281
20221020_050220.jpg,221.3429,0.000000,42.1100,56.2912
20221103_022936.jpg,1862.8429,0.380745,9.4523,46.3386
20221107_034938.jpg,174.5657,0.000080,31.1320,53.1075
20221116_230620.jpg,71.9645,0.063189,19.7883,56.8621
20221116_230622.jpg,140.0869,0.015731,25.1389,64.7477
20221116_230622_001.jpg,202.1261,0.031299,18.4680,65.9372
20221116_230622_002.jpg,42.6531,0.020133,22.8864,48.0743
20221116_230622_003.jpg,42.7817,0.019598,26.4133,60.3221
20221116_230626.jpg,1583.1268,0.029175,26.8322,61.8725
20221116_230626_001.jpg,77.0297,0.017383,24.1652,49.3973
20221116_230628.jpg,59.6954,0.251646,20.2546,34.1825
20221116_230628_001.jpg,71.4427,0.393139,24.2204,40.0457
20221116_230630.jpg,106.2843,0.005273,11.9045,39.4645
20221116_230630_001.jpg,62.7566,0.065198,25.5432,33.3008
20221116_230632.jpg,356.3864,0.262568,17.1140,46.0113
20221116_230634.jpg,226.2651,0.046960,18.9020,53.5854
20221116_230634_001.jpg,179.1068,0.023577,28.0578,56.8506
20221116_230636.jpg,323.8155,0.009528,22.4660,45.9828
20221116_230636_001.jpg,105.9561,0.032851,13.0783,39.5202
20221116_230638.jpg,95.0217,0.024764,13.1110,44.5708
20221116_230638_001.jpg,97.1421,0.098343,13.7619,39.4210
20221116_230640.jpg,768.0673,0.252697,17.4958,47.0365
20221116_230640_001.jpg,106.9320,0.065748,12.5959,38.9299
20221116_230640_002.jpg,60.2362,0.552564,21.4108,37.9759
20221116_230642.jpg,305.2752,0.026055,6.9548,48.0409
20221116_230642_001.jpg,1435.7831,0.135022,-3.7620,42.0903
20221116_230642_002.jpg,86.5555,0.004683,16.1423,44.2313
20221208_001158.jpg,42.7980,0.304068,19.5954,36.5462
20221208_001200.jpg,135.0819,0.025397,11.7805,45.4484
20221208_001202.jpg,193.9280,0.018062,10.1506,53.9206
20221208_001202_001.jpg,548.2401,0.306829,8.8596,52.2698
20221208_001204.jpg,121.6663,0.072617,20.4372,37.2019
20221208_001204_001.jpg,617.7815,0.075528,6.4850,55.5863
20221208_001206.jpg,94.5209,0.016068,19.9284,26.1174
20221208_001206_001.jpg,95.2414,0.076972,17.8517,52.9257
20221208_001208.jpg,244.3782,0.038230,9.0012,49.9658
20221208_001210.jpg,216.8988,0.074703,7.1540,53.8302
20221208_001212.jpg,82.8003,0.050171,17.5363,29.6659
20221208_001212_001.jpg,198.1798,0.157499,17.0851,32.8541
20221208_001214.jpg,310.2193,0.086298,20.1310,52.0906
20221208_001216.jpg,199.1055,0.162126,14.7375,40.9642
20221208_001216_001.jpg,109.5441,0.009946,21.1872,45.6475
20221208_001220.jpg,36.3610,0.003599,15.1916,54.9344
20221208_001222.jpg,25.9390,0.042005,30.9714,51.2304
20221208_001222_001.jpg,82.2782,0.017739,22.9938,39.7343
20221208_001224.jpg,64.5201,0.024553,18.8054,35.6570
20221208_001224_001.jpg,141.3360,0.012021,19.0075,60.6279
20221208_001228.jpg,36.0633,0.140299,21.1662,32.3657
20221208_001228_001.jpg,17.6298,0.083194,23.6838,42.8170
20260612_150000_001.jpg,206.9625,0.061824,59.7687,51.7467
20260612_150000.jpg,138.0414,0.049877,60.5690,51.6629
20260528_134719.jpg,788.8884,0.009249,13.9909,51.2758
20260528_134718_001.jpg,1648.6731,0.004363,23.5173,69.6511
20260528_134718.jpg,1523.9734,0.004116,18.3986,71.3715
20260528_134642.jpg,179.4500,0.044913,19.3810,49.2907
20260528_134641.jpg,243.7984,0.031902,13.6926,54.5826
20260528_134640.jpg,598.5354,0.034607,3.8791,67.3833
20260528_134634.jpg,583.8542,0.038753,6.6110,49.4421
20260528_134632.jpg,75.3339,0.036258,27.4206,34.9591
20260528_134631.jpg,62.9434,0.054103,23.2482,40.2093
20260528_134627.jpg,136.4307,0.023268,15.3503,61.2139
20260528_134625.jpg,158.2860,0.017827,15.1452,59.7931
20260528_134624.jpg,137.0552,0.020302,17.2873,47.1826
20260528_134611.jpg,373.2008,0.049411,6.6730,60.7693
20260528_134609.jpg,385.5048,0.039401,8.0417,37.9523
20260528_134604.jpg,141.7963,0.151346,17.3693,46.5253
20260528_134558.jpg,582.9098,0.038684,-1.0784,60.4092
20260528_134557.jpg,439.4614,0.042919,5.4807,70.9308
20260528_134556.jpg,513.3202,0.035820,4.3483,70.9613
20260528_134551.jpg,674.1761,0.071161,1.1047,66.3136
20260528_134550.jpg,523.9911,0.045467,3.6188,60.3414
20260528_134548.jpg,566.3118,0.019781,23.3332,59.8425
20260528_134541.jpg,1004.7964,0.073478,2.6257,67.1011
20260528_134540.jpg,1721.9170,0.121029,16.7141,73.8530
20260528_134537.jpg,584.9510,0.014175,9.3605,73.2303
20260523_150000_006.jpg,488.3893,0.311102,56.9489,58.3191
20260523_150000_005.jpg,939.5407,0.350918,40.1506,39.2999
20260523_150000_004.jpg,259.3332,0.064917,61.8615,53.6120
20260523_150000_003.jpg,419.0296,0.237098,57.0236,58.2867
20260523_150000_002.jpg,94.3663,0.147366,49.2751,35.6830
20260523_150000_001.jpg,201.6122,0.479837,58.6457,53.2227
20260523_150000.jpg,160.5513,0.078247,49.0754,42.0147
20260217_135057.jpg,940.4825,0.083317,5.9006,65.4382
20260217_135056.jpg,824.1907,0.081720,7.5822,64.0020
20260217_135054_001.jpg,972.2841,0.065334,3.1525,66.2240
20260217_135054.jpg,827.8962,0.064960,4.9641,69.3210
20260217_125941_001.jpg,1757.4026,0.002322,27.8439,74.1527
20260217_125941.jpg,1833.8299,0.002374,29.2985,74.7531
20260217_125936_001.jpg,1360.6794,0.024868,10.2658,74.1871
20260217_125936.jpg,1136.6619,0.024807,9.5510,72.9831
20260217_125907.jpg,1362.9330,0.025956,-0.0301,72.3632
20260217_125906.jpg,1376.0057,0.025880,0.1516,71.9705
20260217_124626.jpg,2314.0113,0.015550,10.9846,70.5581
20260217_124625.jpg,1934.0272,0.029921,4.1066,67.9927
20260217_124624.jpg,1671.0443,0.033517,4.5187,67.1843
20260217_123615_001.jpg,2331.2477,0.012240,31.4514,74.7006
20260217_123615.jpg,2573.6194,0.006753,31.7101,75.6669
20260217_123612.jpg,812.3419,0.018908,11.2136,66.1482
20260217_123611.jpg,839.7556,0.018896,10.5295,66.4158
20260217_122811.jpg,1079.0842,0.022725,27.7726,67.9472
20260217_122809.jpg,753.1414,0.020601,14.6203,62.2215
20250619_122636.jpg,498.0427,0.013064,11.4606,62.7563
20250619_122629.jpg,2232.9661,0.260665,9.7209,70.0419
20250619_122628.jpg,2780.6365,0.265113,13.4338,71.1940
20250619_122625.jpg,3264.5872,0.191314,18.6384,72.0575
20250619_122622.jpg,3974.2459,0.197518,22.9601,71.6760
20250619_122620.jpg,3763.2669,0.210644,20.9709,70.1131
20250321_141348.jpg,6432.6061,0.166517,10.9489,61.9211
20250321_141346.jpg,4258.6759,0.224720,8.6555,49.2159
20250321_141342.jpg,4507.6383,0.175130,10.2136,68.4600
20250321_141334.jpg,12079.9197,0.097951,29.5607,67.7307
20250321_141313.jpg,3377.2498,0.064503,14.2775,71.8801
20250321_141220.jpg,1188.6012,0.145742,2.9391,56.1658
20250321_141215.jpg,3750.0176,0.043448,23.7092,72.4800
20250321_141200.jpg,4647.4369,0.061907,16.4728,65.0738
20250321_141155.jpg,5240.3700,0.077975,18.9787,71.5452
20250321_141144.jpg,2219.5954,0.026108,8.5705,66.6176
20250321_141142.jpg,7329.3360,0.035484,24.9582,74.9102
20250321_141135.jpg,1228.8094,0.297096,5.5139,38.9394
20250321_141128.jpg,1586.6112,0.045193,2.4255,56.3775
20250321_141125.jpg,1178.3454,0.040945,3.4387,55.4782
20250321_141122.jpg,1332.7816,0.195156,8.6950,63.4883
20250321_141119.jpg,1092.2392,0.190112,12.9338,56.5931
20250321_141117.jpg,723.4153,0.202130,3.6877,51.5239
20250321_141113.jpg,638.0352,0.115775,17.6472,62.7939
20250321_141111.jpg,709.6778,0.101800,11.0349,59.7344
20250321_141110.jpg,523.0891,0.113045,14.0114,59.0920
20250321_141055.jpg,2142.4861,0.085177,7.9406,71.5222
20250321_141050.jpg,2212.2350,0.116619,6.7502,70.3394
20250321_141045.jpg,2359.6361,0.057136,14.8093,74.1113
20250321_141043.jpg,5797.0984,0.058754,16.6955,71.9629
20250321_141042.jpg,3602.9292,0.068453,13.8849,74.4559
20250321_141036.jpg,5758.6438,0.027775,35.8303,67.7674
20250321_141035.jpg,4227.1115,0.095300,37.9914,56.7203
20250321_141031.jpg,922.5403,0.098401,6.4240,59.5695
20250321_141030.jpg,1211.6559,0.096790,5.3215,59.6354
20250129_131504.jpg,699.4193,0.086477,9.3942,61.1627
20250129_131500.jpg,895.5181,0.071422,11.1779,72.1418
20250129_131458.jpg,261.4689,0.056659,18.6325,61.6674
20250109_122205.jpg,497.3133,0.007755,23.9645,64.8389
20250109_122201.jpg,793.0544,0.002703,29.8640,64.4558
20250109_122132.jpg,745.9836,0.024051,19.4245,71.9913
20250109_122003.jpg,238.1533,0.052337,4.8571,48.7454
20250109_122002.jpg,275.2257,0.051696,5.6662,50.0269
20250109_121944.jpg,1256.3977,0.232457,20.2111,58.5276
20250109_121936.jpg,277.9172,0.108352,16.1745,44.7982
20250109_121930.jpg,409.3555,0.156214,16.8547,50.1941
20250109_121924.jpg,372.1301,0.048444,4.6628,62.8476
20250109_121922.jpg,239.7760,0.049200,3.6462,63.2219
20250109_121920.jpg,302.9154,0.047548,4.2932,61.4752
20250109_120033.jpg,767.4111,0.028968,15.7331,73.3704
20250109_120030.jpg,1814.4763,0.015063,12.3693,74.2529
20250109_120016.jpg,718.2620,0.088031,15.8449,69.8812
20250109_120008.jpg,1158.5904,0.077165,10.0217,63.1626
20250109_120001.jpg,29.7256,0.030839,33.3117,55.2601
20250109_115954.jpg,563.9432,0.021265,32.0881,61.1868
20250109_115221.jpg,51.8978,0.002035,32.2932,52.4087
20250109_115215.jpg,52.4946,0.013970,25.1349,59.3614
20250109_115153.jpg,285.6771,0.022516,35.5373,60.9110
20250109_115148.jpg,269.7633,0.013921,18.2053,68.6577
20250109_114759.jpg,383.3863,0.028237,20.5778,64.2942
20250109_114756.jpg,88.2486,0.023109,44.7111,61.4903
20250109_114750.jpg,222.7685,0.014872,17.7258,65.6824
20250109_114745.jpg,178.4645,0.029015,10.6574,61.1853
20250109_114732.jpg,277.0835,0.002742,55.5075,54.1301
20231113_143333.jpg,1280.1400,0.028858,21.2795,62.1574
20231113_142742.jpg,80.2923,0.003438,18.0900,42.0237
20231113_142529.jpg,260.8611,0.034748,6.6589,59.7909
20231113_142419.jpg,471.9651,0.059513,19.2975,63.4420
20231113_142251.jpg,283.0811,0.015984,12.7551,63.8251
20231113_142134.jpg,360.6714,0.007081,19.4860,67.7120
20231113_142025.jpg,453.6951,0.002318,24.4719,66.0282
20231113_141733.jpg,198.4544,0.051644,9.9152,38.3424
20230602_093222.jpg,1842.2301,0.025457,17.0851,70.7268
20230602_093207.jpg,2822.5034,0.031141,16.3161,70.9121
20230602_093200.jpg,2360.0179,0.026021,21.8957,73.4374
20230126_151114.jpg,17.3191,0.154903,34.8347,25.9700
20230126_142614.jpg,8.0248,0.112930,47.2614,35.4794
20230126_142601.jpg,6.1787,0.114578,53.9391,49.9174
20230126_142548.jpg,10.2360,0.089228,47.0754,53.6051
20230126_142533.jpg,10.8022,0.062625,45.3947,50.8725
20230126_142528.jpg,11.7754,0.191697,38.6623,35.9266
20230126_142410.jpg,644.1258,0.072707,18.4650,60.5734
20230126_142354.jpg,186.4679,0.177658,12.4460,46.7227
20230126_142304.jpg,164.1669,0.019290,18.1061,59.5213
20230126_142245.jpg,226.0181,0.014286,16.4055,52.3915
20230126_141321.jpg,166.9113,0.153722,5.9411,50.7784
20230126_141312.jpg,100.6703,0.076709,9.0641,32.0413
20230126_131709.jpg,475.5170,0.232940,9.9748,40.4348
20230126_131701.jpg,892.9493,0.259405,18.9606,41.5063
20230126_131646.jpg,347.3797,0.182615,19.8234,50.3637
20230126_131640.jpg,287.0060,0.189315,19.3078,58.3199
20230126_131611.jpg,132.8063,0.134538,14.9670,33.3093
20230126_131556.jpg,103.1837,0.189252,33.0392,41.1577
20230126_131539.jpg,120.4130,0.162075,20.3859,31.7470
20230126_131527.jpg,218.3567,0.247540,10.1677,56.5933
20230126_131520.jpg,294.5671,0.252522,22.5832,55.6106
20230126_131446.jpg,322.7100,0.105724,22.6667,57.2810
20230126_131419.jpg,252.5481,0.215309,14.2233,48.1919
20230126_131411.jpg,66.5136,0.094366,25.5886,23.2256
20230126_131406.jpg,48.2726,0.102158,26.5129,24.7025
20230126_131357.jpg,701.5371,0.142926,14.5598,66.6103
20230126_131355.jpg,399.6949,0.137906,19.1955,66.0887
20230126_131352.jpg,229.1714,0.085876,15.9479,44.9711
20230126_131342.jpg,422.9706,0.083278,8.7663,23.8303
20230126_131326.jpg,101.8849,0.176916,12.2375,35.2432
20230126_131314.jpg,114.7866,0.180870,17.6618,31.2771
20230126_131305.jpg,1619.6472,0.251496,6.8351,39.5359
20230126_131302.jpg,850.4544,0.146513,10.4308,49.3497
20230126_131258.jpg,458.7537,0.145855,21.1608,61.1540
20230126_131251.jpg,222.8963,0.149284,24.9182,46.1486
20230126_131231.jpg,1428.6939,0.112937,4.3625,48.2753
20230126_131216.jpg,755.7579,0.092244,32.4709,44.1236
20230126_131210.jpg,372.2668,0.052444,23.3034,43.1747
20230126_131159.jpg,564.7131,0.021223,9.4445,42.0138
20230126_131158.jpg,614.0799,0.018696,6.6657,40.2371
20230126_131145.jpg,2023.1910,0.017282,11.8781,62.9305
20230126_131138.jpg,1472.5452,0.106087,26.0383,66.5548
20230126_131136.jpg,781.4836,0.086800,14.0803,61.3771
20230126_131134.jpg,947.5235,0.023541,-0.5804,56.8559
20230126_131122.jpg,1554.9954,0.137048,39.5847,34.5493
20230126_131121_001.jpg,2112.1143,0.173998,42.2624,43.1065
20230126_131121.jpg,1771.9811,0.152226,41.2023,42.6560
20230126_131120.jpg,1807.5652,0.154893,41.0510,47.4489
20230126_131107.jpg,566.6784,0.199502,21.1115,31.5974
20230126_131106.jpg,2808.4254,0.146920,23.5930,38.7789
20230126_131050.jpg,2499.4648,0.136943,16.8444,55.8614
20230126_131037.jpg,1557.1547,0.053773,19.5041,45.5429
20230126_131031.jpg,2968.6196,0.067280,47.6555,58.0000
20230126_131016.jpg,939.0854,0.060576,19.0285,34.1922
20230126_131010.jpg,1473.3287,0.057105,15.6804,33.6939
20230126_131009.jpg,1919.9001,0.051004,9.7995,64.4973
20230126_131008.jpg,1830.1203,0.052590,11.3537,61.8993
20230126_131000.jpg,1787.1214,0.317682,19.3249,39.5076
20230126_130958.jpg,1704.6729,0.047818,0.4142,27.8425
20230126_130954.jpg,1133.0110,0.308939,6.0139,36.3256
20230126_130953.jpg,1099.4797,0.302786,5.3986,34.6992
20230126_130950.jpg,4556.1216,0.041602,27.4396,65.9813
20230126_130934.jpg,3727.8537,0.073899,36.7902,63.8060
20230126_130929.jpg,4047.2110,0.055873,35.3732,57.4313
20230126_130913.jpg,2473.9660,0.056212,46.4391,42.0804
20230126_130911.jpg,661.0709,0.145412,8.0427,55.5683
20230126_130909.jpg,860.0217,0.138798,13.6330,57.3938
20230126_130908.jpg,2438.2504,0.052580,26.3830,59.8622
20230126_130901.jpg,716.3095,0.090709,19.5812,68.1077
20230126_130900.jpg,50.3649,0.094358,17.9968,14.3177
20230126_130856.jpg,887.4745,0.121303,12.8141,44.1510
20230126_130849.jpg,1004.7691,0.133214,8.1110,51.7638
20230126_130845.jpg,835.0045,0.226189,10.1374,48.3247
20230126_130841.jpg,2390.3660,0.076579,30.8449,46.1452
20230126_130835.jpg,138.0577,0.014844,25.7458,44.0796
20230126_130831_001.jpg,2551.7726,0.020386,20.8596,66.2079
20230126_130831.jpg,878.4009,0.152893,15.1472,55.3962
20230126_130829.jpg,451.1392,0.158579,15.5934,54.5277
20230126_130828.jpg,129.4311,0.120712,3.6647,41.9995
20230126_130824.jpg,716.1736,0.167927,14.8454,59.5145
20230126_130822.jpg,684.3104,0.154326,20.7272,60.9366
20230126_130821.jpg,698.2966,0.153444,18.8483,62.4041
20230126_130812.jpg,1456.1644,0.037587,14.3649,62.1822
20230126_130756.jpg,4781.0388,0.031179,42.7267,62.0156
20230126_130748.jpg,4389.3771,0.039243,39.7639,62.1729
20230126_130744.jpg,4965.6626,0.094571,62.3024,53.4517
20230126_130743.jpg,1403.4714,0.212855,5.2277,63.2944
20230126_130740.jpg,1003.1451,0.097083,7.7048,59.9445
20230126_130727.jpg,244.1663,0.020287,21.4352,63.5580
20230126_130712.jpg,18.2122,0.159484,39.9167,28.4001
20230126_130706.jpg,1581.2037,0.170080,13.3771,62.4814
20230126_130704.jpg,1492.3843,0.164444,16.6105,61.2039
20230126_130658.jpg,574.9482,0.168524,11.8483,58.2696
20230126_130657_001.jpg,62.9132,0.162841,20.2360,33.3169
20230126_130657.jpg,423.6875,0.149679,14.7404,56.8187
20230126_130646.jpg,403.8336,0.205544,1.0373,41.3460
20230126_130645.jpg,344.7224,0.230966,8.3488,41.9963
20230126_130643.jpg,557.4846,0.175112,5.9836,49.9952
20230126_130641.jpg,27.0578,0.026819,24.4435,42.7034
20230126_130631.jpg,521.8879,0.465484,10.3913,45.3235
20230126_130625.jpg,230.4656,0.292525,18.0637,34.3310
20230126_130621.jpg,224.0984,0.327219,9.5436,26.0875
20230126_130618.jpg,100.3496,0.318500,17.5485,26.5899
20230126_130616.jpg,82.7771,0.304276,28.3571,18.3036
20230126_130612.jpg,35.8873,0.009171,18.7170,45.7253
20230126_130606.jpg,51.0877,0.023448,22.6447,26.7987
20230126_130604.jpg,395.6827,0.198231,10.0646,42.0142
20230126_130601.jpg,185.8817,0.184972,9.0612,42.2061
20230126_130600.jpg,114.5455,0.202550,17.8015,26.1077
20230126_130557.jpg,382.8124,0.092207,11.3039,63.4222
20230126_130551.jpg,46.1191,0.013123,21.7287,54.1119
20230126_130550.jpg,146.6200,0.245834,1.1110,27.8674
20230126_130547.jpg,1278.0694,0.184029,7.3449,46.2383
20230126_130546.jpg,37.2741,0.041762,25.8708,50.1871
20230126_130518.jpg,692.4900,0.120260,-1.7322,36.7962
20230126_130514.jpg,1091.2301,0.424637,34.4411,37.0810
20230126_130511.jpg,2978.9399,0.219044,44.2824,46.7697
20230126_130304.jpg,115.9861,0.421255,16.2028,36.2579
20230126_130250.jpg,503.5094,0.195176,8.8644,51.3086
20230126_130248.jpg,583.3161,0.180846,7.9631,51.4783
20230126_130246.jpg,622.2314,0.162428,9.4709,47.3260
20230126_130241.jpg,455.4682,0.094068,17.5949,42.4738
20230126_130153.jpg,56.6699,0.185411,21.9186,51.3399
20230126_130139.jpg,123.2097,0.218739,9.4792,54.8995
20230126_130132.jpg,695.9337,0.045453,38.8400,43.4991
20230126_130128.jpg,355.1211,0.108297,19.6418,41.7187
20230126_130117.jpg,98.3638,0.028535,10.4387,42.3911
20230126_130107.jpg,189.4736,0.024491,4.1227,45.9045
20230126_130057.jpg,451.4638,0.006999,17.2277,26.4210
20230126_130037.jpg,2424.2514,0.470130,28.6203,43.2042
20230126_130029.jpg,2144.9070,0.260128,51.9240,35.7717
20230126_130026.jpg,762.1659,0.461644,43.9933,35.3732
20230126_130019.jpg,116.9538,0.253071,0.3527,52.4792
20230126_130009.jpg,418.6195,0.011220,4.3791,56.4099
20230126_130002.jpg,456.4920,0.008252,7.3332,43.6783
20230126_125905.jpg,72.6284,0.006219,10.6848,24.4956
20230126_125838.jpg,306.0060,0.098372,3.9670,57.0540
20230126_125836.jpg,239.2733,0.085337,1.8683,59.4721
20230126_125823.jpg,1143.0753,0.125415,49.7433,49.0077
20230126_125818.jpg,1886.8515,0.034366,19.7277,64.5359
20230126_125205.jpg,91.4020,0.063287,38.1193,28.4506
20230126_125204.jpg,94.9870,0.131412,43.0417,24.6530
20230126_125203.jpg,120.7301,0.124923,42.2780,28.2200
20230116_113847.jpg,907.7733,0.031049,17.0915,71.6592
20230116_113842.jpg,632.5083,0.022137,6.2433,68.1627
20230116_113837.jpg,1040.1048,0.015510,9.3776,71.3195
20230116_113821.jpg,500.5802,0.006526,14.1408,61.0170
20230116_113820.jpg,361.8398,0.005110,13.2101,56.6290
20230116_113804.jpg,825.3158,0.114289,23.1530,71.5296
20230116_113800.jpg,2802.6466,0.027909,20.7863,73.3942
20230116_113757_001.jpg,1610.0317,0.028228,17.8840,59.9171
20230116_113757.jpg,1635.1915,0.024925,18.0749,57.9691
20230116_113756.jpg,1532.5157,0.029507,17.2087,62.3671
20230116_113748.jpg,556.3630,0.056646,44.7087,56.6487
20230116_113722.jpg,795.9277,0.032773,18.9182,69.2869
20230116_113715.jpg,965.6646,0.017402,10.4601,69.1195
20230116_113714.jpg,1021.4082,0.026555,10.4709,71.5621
20230116_113709.jpg,330.0197,0.020885,12.5832,61.3100
20230116_113705.jpg,822.3258,0.031877,19.3683,65.4669
20230116_113701.jpg,1075.8856,0.030652,10.2209,63.5530
20230116_113658.jpg,195.7288,0.072020,18.2473,26.8353
20230116_113654.jpg,185.3127,0.015752,18.2209,36.3850
20230116_113648.jpg,859.6822,0.184197,9.5539,56.4401
20230116_113646.jpg,706.9717,0.172283,17.0959,38.6216
20230116_113638.jpg,741.2222,0.153964,11.5119,52.4901
20230116_113637.jpg,699.2216,0.081867,10.1115,66.1444
20230116_113634.jpg,350.1608,0.158040,11.5524,58.2415
20230116_113632.jpg,141.4439,0.129352,23.1696,44.3629
20230116_113627.jpg,475.1333,0.125678,29.3141,60.0176
20230116_113623.jpg,430.3217,0.100527,4.8522,62.6037
20230116_113618.jpg,694.7126,0.049856,20.7619,69.6617
20230116_113613.jpg,853.5581,0.060104,12.1330,71.4758
20230116_113612.jpg,871.6519,0.058340,12.0695,71.5146
20230116_113600.jpg,207.4191,0.273844,4.2639,50.5476
20230116_113559.jpg,207.8997,0.184365,11.1418,53.5469
20230116_113551.jpg,350.1962,0.154929,8.2487,62.0193
20230116_113548.jpg,517.0370,0.172309,10.9846,58.4766
20230116_113543.jpg,405.5619,0.081646,22.8679,62.9711
20230116_113540.jpg,1408.2053,0.040569,6.6530,72.6139
20230116_113539.jpg,823.4658,0.034570,12.4816,67.0085
20230116_113531.jpg,365.4580,0.087086,13.5578,56.5811
20230116_113529.jpg,875.3102,0.075298,9.9133,65.9362
20230116_113521.jpg,356.9533,0.225000,4.9772,56.1688
20230116_113520.jpg,276.5405,0.095072,12.4811,64.8835
20230116_113519.jpg,306.2580,0.103460,12.9987,65.2188
20230116_113516_001.jpg,519.7526,0.137815,13.5895,58.0379
20230116_113516.jpg,555.1107,0.140217,12.1711,60.7222
20230116_113514.jpg,624.4057,0.078687,14.4523,61.4588
20230116_113454.jpg,469.8909,0.062104,11.3683,58.7602
20230116_113450.jpg,314.7622,0.121274,16.7028,55.2909
20230116_113447.jpg,944.4245,0.048567,19.2414,76.2780
20230116_113446.jpg,892.3503,0.038373,18.2599,75.1560
20230116_113439.jpg,922.6773,0.220877,0.7482,60.7582
20230116_113438.jpg,1085.7887,0.217718,1.9079,63.5555
20230116_113416.jpg,1182.5715,0.082103,10.3727,70.3755
20230116_113415.jpg,739.7818,0.117113,13.5685,69.5200
20230116_113414.jpg,796.2747,0.114845,13.1804,70.8912
20230116_113353_001.jpg,542.7301,0.186978,28.1642,59.3645
20230116_113353.jpg,747.9121,0.185671,24.1887,57.3185
20230116_113346.jpg,780.4968,0.159431,15.0388,55.7525
20230116_113339.jpg,774.1722,0.140592,4.9719,70.2101
20230116_113332.jpg,785.0438,0.106837,4.6218,64.8442
20230116_113329.jpg,1923.6944,0.090499,14.4411,74.2219
20230116_113323.jpg,909.2226,0.053664,17.1076,59.9836
20230116_113320.jpg,2088.0737,0.128522,9.2072,69.0630
20230116_113317.jpg,1049.7071,0.116870,7.4553,68.8910
20230116_113315.jpg,488.9040,0.108563,6.0617,67.7694
20230116_113309.jpg,88.0380,0.122688,4.2219,60.0123
20230116_113254.jpg,141.8493,0.274141,11.4899,61.0347
20230116_113253.jpg,102.0456,0.306761,13.1066,58.9905
20230116_113228.jpg,653.5262,0.104085,11.2009,69.1193
20230116_113225.jpg,520.3114,0.172142,9.8713,69.2814
20230116_113221.jpg,581.0066,0.019336,9.6027,67.1085
20230116_113216.jpg,495.5572,0.008967,5.2443,64.2468
20230116_113127.jpg,421.1339,0.170670,10.4133,55.8149
20230116_113126.jpg,430.7526,0.182518,10.0588,56.0867
20230116_113117.jpg,217.2081,0.185745,16.6808,53.5692
20230116_113114.jpg,197.0731,0.166242,13.9416,57.4735
20230116_113111.jpg,276.2556,0.252525,10.6179,49.7452
20230116_113105.jpg,325.9885,0.198287,9.7053,51.1778
20230116_113104.jpg,151.5557,0.184771,11.3181,52.4727
20230116_113100.jpg,62.1202,0.401495,19.0978,47.1435
20230116_113057.jpg,137.7718,0.265534,26.4899,61.3451
20230116_113054.jpg,142.1377,0.273583,20.0705,50.1214
20230116_113052.jpg,410.0178,0.194918,21.2741,48.5971
20230116_113051.jpg,289.5707,0.263124,11.3820,48.5669
20230116_113047.jpg,255.0222,0.312690,10.2639,41.4096
20230116_113042.jpg,202.8207,0.327675,9.4343,54.4872
20230116_113037.jpg,660.6189,0.116532,8.8107,65.8999
20230116_113032.jpg,171.9712,0.239987,15.4904,57.7041
20230116_113031.jpg,245.3652,0.214870,17.2678,60.8888
20230116_113026.jpg,676.0413,0.117921,9.5095,63.5709
20230116_113025.jpg,577.3183,0.121208,11.4011,67.8414
20230116_113022.jpg,1547.8648,0.195159,8.9738,64.1476
20230116_113020.jpg,865.3739,0.170168,5.8195,67.1869
20230116_113016.jpg,542.1448,0.023865,20.9352,58.5647
20230116_113011_001.jpg,2148.6298,0.086273,22.0280,70.6743
20230116_113011.jpg,1143.5080,0.086790,26.2614,67.0366
20230116_113001.jpg,410.8084,0.054657,15.9421,70.4078
20230116_112956.jpg,414.4610,0.085418,18.2639,64.3110
20230116_112955.jpg,1070.2966,0.105243,16.2116,67.9518
20230116_112954.jpg,867.0830,0.108502,17.6330,64.6813
20230116_112855.jpg,34.5646,0.238366,41.5959,47.9760
20230116_112837.jpg,15.2029,0.290762,62.5329,40.6939
20230116_112815.jpg,95.8491,0.305873,40.7336,32.5161
20230116_112729.jpg,91.5717,0.246314,16.1144,48.3648
20230116_112622.jpg,46.0629,0.206545,43.5671,54.1458
20230116_112601.jpg,21.4501,0.307078,59.3830,44.8494
20230116_112544.jpg,47.5795,0.246485,35.7980,54.3512
20230116_112418.jpg,231.5699,0.119531,14.5998,53.2430
20230116_112415.jpg,144.7910,0.187862,8.7634,50.2973
20230116_112409.jpg,190.9619,0.119292,18.1750,59.8213
20230116_112407.jpg,54.2760,0.188257,23.6642,45.6123
20230116_112406.jpg,171.1287,0.176038,16.7136,56.0706
20230116_112402_001.jpg,40.9182,0.172538,30.3947,53.4068
20230116_112402.jpg,173.8859,0.292397,6.7145,42.8151
20230116_112359.jpg,120.0482,0.121430,18.3015,57.5409
20230116_112356.jpg,325.2698,0.061438,8.8391,50.8076
20230116_112350.jpg,1334.6983,0.062384,8.5915,74.9968
20230116_112344.jpg,159.2749,0.012327,10.8293,58.8678
20230116_112337.jpg,112.4628,0.028441,18.0285,59.1384
20230116_112336.jpg,392.4788,0.310450,3.2975,46.3827
20230116_112332_002.jpg,57.0687,0.054369,18.8078,52.9593
20230116_112332_001.jpg,231.0504,0.315697,10.0856,50.0888
20230116_112332.jpg,217.6829,0.224639,6.8029,51.2641
20230116_112329_001.jpg,471.0382,0.141605,14.1115,63.5987
20230116_112329.jpg,540.2440,0.126682,13.8181,66.7907
20230116_112320.jpg,497.3721,0.414614,9.3034,49.3728
20230116_112319.jpg,395.7868,0.434479,10.3683,49.2190
20230116_112317.jpg,326.5230,0.447820,13.1579,46.2964
20230116_112316.jpg,132.5728,0.414525,19.7477,43.8117
20230116_112215.jpg,116.2679,0.149293,17.6848,49.1982
20230116_112211.jpg,499.1526,0.256146,10.1506,63.4100
20230116_112206.jpg,181.0893,0.239742,27.2487,52.3029
20230116_112158.jpg,454.6350,0.243036,11.0998,48.8466
20230116_112131.jpg,151.5591,0.178923,20.3923,46.5454
20230116_112130.jpg,279.0767,0.173361,12.5920,56.2156
20230116_112128.jpg,270.2220,0.179755,16.0583,56.0630
20230116_112124.jpg,237.7403,0.144243,10.6906,55.3730
20230116_112122.jpg,224.0588,0.094799,17.8757,60.8494
20230116_112119.jpg,518.7030,0.088578,13.3522,59.9582
20230116_112105.jpg,318.3623,0.115626,15.9162,62.8342
20230116_112104.jpg,328.1588,0.102501,16.6115,61.6524
20230116_112051.jpg,106.9888,0.274126,26.3957,54.2405
20230116_112048.jpg,95.5167,0.337375,29.6325,41.0354
20230116_112045.jpg,198.2986,0.330822,23.8098,28.8556
20230116_112030.jpg,397.6029,0.105667,12.6252,56.2843
20230116_112026.jpg,298.1848,0.186723,12.5915,49.0738
20230116_112024.jpg,605.1298,0.095048,8.5417,64.5418
20230116_112020.jpg,347.0160,0.085240,1.8605,61.8502
20230116_112012.jpg,744.9479,0.140666,16.2004,65.9854
20230116_112005.jpg,805.7324,0.282782,11.9890,43.3432
20230116_112002.jpg,600.4936,0.187201,16.7145,55.1134
20230116_111959.jpg,365.8657,0.168594,16.7282,55.4293
20230116_111957.jpg,1062.7126,0.185239,15.0295,58.2779
20230116_111954.jpg,501.4728,0.230120,11.4670,53.7002
20230116_111953.jpg,320.0953,0.219198,13.6843,48.4261
20230116_110250.jpg,77.8094,0.071784,22.2521,23.3918
20230116_110249.jpg,75.4129,0.069440,22.3366,22.2805
20230116_110242.jpg,2173.1788,0.058182,32.7560,68.4347
20230116_110241.jpg,1494.5226,0.050646,33.1945,66.2232
20230116_110238.jpg,1419.1669,0.060675,37.0895,69.5423
20230116_110232.jpg,422.1051,0.071064,30.9641,51.2742
20230116_110231.jpg,777.9630,0.063874,34.0319,56.0851
20230116_110211.jpg,846.6661,0.048704,25.7126,55.4173
20230116_110210.jpg,891.4096,0.052762,24.9758,63.2654
20230116_110206.jpg,1889.9454,0.043361,23.3762,65.5124
20230116_110204.jpg,1659.3285,0.042242,23.2380,64.6923
20230116_110057.jpg,2607.7982,0.042215,22.4445,66.6256
20230116_110045.jpg,1252.6206,0.064274,37.0056,62.1170
20230116_110044.jpg,1213.2736,0.066876,36.1335,61.7752
20230116_110039.jpg,918.2620,0.032412,24.0207,62.4981
20230116_110036.jpg,385.2827,0.043525,29.2263,59.2754
20230116_110032.jpg,900.6768,0.047841,25.4777,68.1170
20230116_110008.jpg,1129.9539,0.058706,25.6608,66.6567
20230116_110004.jpg,1038.4813,0.046921,22.2062,67.7781
20230116_105942.jpg,608.8327,0.045077,30.3576,51.8929
20230116_105928.jpg,544.0816,0.050786,25.7160,57.2236
20230116_105926.jpg,691.0443,0.039335,28.5993,50.7632
20230116_105920.jpg,2011.2560,0.018785,39.7126,68.2196
20230116_105917.jpg,1522.4776,0.035063,52.5270,67.8226
20230113_143401.jpg,1559.7113,0.066683,18.1701,63.6144
20230113_142422.jpg,299.3157,0.011633,14.6076,57.9314
20230113_142415.jpg,804.8466,0.016174,15.8337,65.6108
20230113_142400.jpg,299.1054,0.015449,9.3200,62.4935
20230113_142351.jpg,141.4344,0.034203,16.1677,57.2860
20230113_142338.jpg,280.5528,0.060151,17.0734,52.8062
20230113_142329.jpg,254.3317,0.035822,2.3937,63.6026
20230113_142303.jpg,29.9686,0.021798,22.1867,29.8133
20230113_142252.jpg,519.2265,0.046340,5.3088,58.4512
20230113_142238.jpg,61.0904,0.042786,24.4543,26.0759
20230113_142235.jpg,93.6247,0.022031,12.7092,60.9397
20230113_142154.jpg,276.6501,0.033579,-1.1102,58.6976
20230113_142141.jpg,146.8130,0.085196,22.3283,55.9162
20230113_142119.jpg,269.8605,0.009963,10.2902,61.4785
20230113_142107.jpg,323.2218,0.081174,6.2902,56.8285
20230113_142053.jpg,20.5083,0.153821,30.2033,46.7527
20230113_142045.jpg,284.8329,0.016873,19.1315,58.2019
20230113_142034.jpg,485.1314,0.004967,12.3010,70.8123
20230113_142026.jpg,158.1700,0.034870,-6.0193,41.0635
20230113_142023.jpg,767.0972,0.136220,12.4191,46.1627
20230113_142018.jpg,181.9052,0.109476,11.2053,46.0630
20230113_142013.jpg,460.5699,0.605265,15.1516,27.2134
20230113_142006.jpg,300.0094,0.017827,15.4943,62.7321
20230113_141927.jpg,295.1975,0.000859,14.0773,47.6061
20230113_141912.jpg,1163.4859,0.008007,8.1320,69.0267
20230113_141902.jpg,561.5302,0.004209,7.3835,60.4468
20230113_141851.jpg,223.6659,0.004778,15.5934,57.7623
20230113_141841.jpg,306.5818,0.003080,20.6628,45.6235
20230113_141802.jpg,239.3701,0.004369,15.9865,66.2014
20230113_141750.jpg,178.5578,0.004491,11.4504,64.9135
20230113_141732.jpg,238.1801,0.015933,23.1955,51.1733
20230113_141709.jpg,89.9544,0.006396,23.6511,49.5799
20230113_141705.jpg,232.5869,0.171908,27.8107,55.1697
20230113_141702.jpg,635.3644,0.052007,1.4289,23.1948
20230113_141659.jpg,705.4239,0.021018,5.2199,53.5666
20230113_141654.jpg,697.5125,0.490066,13.5202,30.5534
20230113_141647.jpg,139.5461,0.017133,0.0856,54.2297
20230113_141635.jpg,129.7360,0.032756,18.7883,21.8436
20230113_141626.jpg,517.8158,0.003042,18.8801,64.5036
20230113_141606.jpg,128.2229,0.045943,6.7726,32.6374
20230113_141553.jpg,384.9467,0.021922,24.3176,65.6766
20230113_141546.jpg,65.8216,0.135838,2.2770,34.1020
20230113_141538.jpg,608.5602,0.003654,18.2897,55.7808
20230113_141517.jpg,980.8400,0.008051,17.1144,67.3590
20230113_141506.jpg,851.4363,0.115777,17.2404,64.1524
20230113_141416.jpg,305.6761,0.025404,0.1022,60.0766
20230113_141409.jpg,1199.3064,0.014893,15.4240,73.5520
20230113_141402.jpg,604.7491,0.004922,16.6564,68.5068
20230113_141331.jpg,391.9768,0.006730,7.6071,59.8525
20230113_141311.jpg,107.1361,0.074667,18.7228,61.6998
20230113_141256.jpg,462.4778,0.010929,21.5773,66.3761
20230113_141224.jpg,43.2853,0.112392,8.6027,39.6766
20230113_141211.jpg,93.2549,0.080977,25.7394,50.9020
20230113_141207.jpg,31.6834,0.051202,20.7746,55.3024
20230113_141151.jpg,60.6240,0.129486,16.8542,48.1517
20230113_141147.jpg,32.5292,0.119979,24.9553,51.4741
20230113_141140.jpg,262.4947,0.021911,15.6608,53.5108
20230113_141134.jpg,468.1137,0.004192,13.8762,67.3998
20230113_141123.jpg,91.2082,0.044364,27.7184,51.2859
20230113_141121.jpg,612.3569,0.015665,17.1701,42.9501
20230113_141118.jpg,228.8164,0.288250,12.0485,37.0724
20230113_141110.jpg,356.3059,0.728878,10.9509,29.2556
20230113_141104.jpg,210.8299,0.015091,8.6706,42.8348
20230113_141057.jpg,781.2556,0.011916,15.8010,60.7781
20230113_141050.jpg,154.1206,0.005127,25.2580,46.7095
20230113_141040.jpg,581.7043,0.002636,20.4240,63.4027
20230113_141027.jpg,384.0397,0.015825,12.8469,53.2445
20230113_141011.jpg,59.9381,0.010349,37.9123,34.2136
20230113_141000.jpg,576.8351,0.009335,24.0060,57.6079
20230113_140954.jpg,1228.5088,0.009887,8.0676,65.6106
20230113_140943.jpg,195.8060,0.040810,15.3117,50.6696
20230113_140933.jpg,418.4086,0.002572,26.3561,58.4724
20230113_140921.jpg,707.4012,0.007669,10.0622,56.6692
20230113_140913.jpg,356.1814,0.002548,16.8322,50.2443
20230113_140901.jpg,519.6226,0.022086,13.2687,52.2851
20230113_140855.jpg,586.2599,0.007185,12.9079,58.8839
20230113_140848.jpg,587.8778,0.010256,14.5851,63.2838
20230113_140842.jpg,547.0053,0.006674,15.5334,61.1755
20230113_140832.jpg,427.5999,0.002825,18.5070,56.6815
20230113_140822.jpg,149.2170,0.023126,21.2682,46.9966
20230113_140816.jpg,245.7603,0.033927,17.9040,62.1783
20230113_140803.jpg,216.7264,0.011151,6.3410,60.8325
20230113_140801.jpg,265.2036,0.010738,5.1301,53.2695
20230113_140750.jpg,104.5150,0.051732,42.0583,57.3022
20230113_140746.jpg,106.5965,0.028228,13.4377,59.6852
20230113_140720.jpg,27.8073,0.248940,24.5309,41.9485
20230113_140711.jpg,42.0920,0.105471,23.7419,49.7390
20230113_140707.jpg,82.3221,0.051165,7.3771,59.7155
20230113_140701.jpg,17.1094,0.024425,29.0060,46.9351
20230113_140654.jpg,97.4798,0.004609,30.2116,38.2470
20230113_140651.jpg,229.9613,0.050013,13.2292,37.5893
20230113_140647.jpg,234.0552,0.080575,23.1242,57.5677
20230113_140644.jpg,334.4948,0.053442,14.4567,62.8818
20230113_140637.jpg,235.6295,0.003552,12.0095,28.7678
20230113_140628.jpg,133.5781,0.064837,11.7824,54.9451
20230113_140626.jpg,36.3919,0.053256,25.3444,51.9306
20230113_140616.jpg,86.4910,0.232762,26.6691,44.8075
20230113_140612.jpg,272.7871,0.260886,12.3371,51.8416
20230113_140606.jpg,208.7642,0.354225,12.8898,43.4104
20230113_140602.jpg,743.2789,0.007506,11.4269,69.8969
20230113_140547.jpg,456.8619,0.001544,9.1945,64.2113
20230113_140520.jpg,133.5995,0.021604,21.1262,51.6534
20230113_140507.jpg,125.8039,0.072215,18.9377,63.9718
20230113_140459.jpg,587.8657,0.017603,10.7228,61.5130
20230113_140453.jpg,94.5609,0.007086,12.8293,49.2651
20230113_140446.jpg,190.9493,0.013275,15.8635,60.3137
20230113_140429.jpg,518.6142,0.045173,6.0778,65.0679
20230113_140414.jpg,145.1806,0.058575,8.2785,55.0479
20230113_140350.jpg,128.5272,0.176637,-3.7889,48.3060
20230113_140342.jpg,250.9110,0.118437,6.3137,38.6268
20230113_140332.jpg,74.6778,0.030074,21.2648,52.1212
20230113_140320.jpg,406.5819,0.061203,15.2834,60.8242
20230113_140307.jpg,266.8970,0.044728,18.8039,58.4678
20230113_140252.jpg,383.1142,0.031938,12.4699,60.8515
20230113_135054.jpg,47.3432,0.103703,11.7556,54.8346
20230113_135051.jpg,303.3502,0.129922,15.7355,35.3224
20230113_135048.jpg,25.5495,0.106789,28.4919,27.6002
20230113_135044.jpg,119.6860,0.176034,28.7814,44.5417
20230113_135036.jpg,240.5017,0.576225,18.2199,31.7849
20230113_135031.jpg,539.5378,0.018124,17.6506,64.4018
20230113_135018.jpg,199.7226,0.042159,21.3010,62.8053
20230113_135008.jpg,344.3532,0.156829,6.6857,49.8640
20230113_134928.jpg,1403.9549,0.026083,8.9050,65.9602
20230113_134909.jpg,151.5536,0.061894,8.9587,49.6764
20230113_134902.jpg,118.9976,0.074325,18.4626,36.5240
20230113_134850.jpg,392.5797,0.005952,16.2917,57.7862
20230113_134837.jpg,468.3499,0.006179,16.9728,63.5182
20230113_134822.jpg,248.5927,0.084151,19.1384,46.2917
20230113_134819.jpg,148.4425,0.017856,10.9352,56.8893
20230113_134816.jpg,253.9971,0.007366,17.2062,63.8435
20230113_134811.jpg,216.4292,0.565975,17.0031,28.3816
20230113_134801.jpg,21.5742,0.002471,27.8727,45.3003
20230113_134757.jpg,19.4977,0.003007,28.6584,48.9558
20230113_134755.jpg,24.5169,0.002628,29.1047,44.4557
20230113_134747.jpg,171.2394,0.045075,28.2853,39.3661
20230113_134741.jpg,205.9690,0.027530,17.4006,52.0221
20230113_134735.jpg,100.0365,0.039195,12.8986,57.0401
20230113_134727.jpg,163.3890,0.237183,5.6652,61.2853
20230113_134718.jpg,114.7474,0.201620,14.1188,43.9541
20230113_134716.jpg,69.9960,0.197884,16.1960,44.3460
20230113_134705.jpg,222.6860,0.011372,26.4704,28.5179
20230113_134644.jpg,223.3428,0.080510,26.0109,66.0909
20230113_134626.jpg,292.6389,0.040642,4.4308,54.4109
20230113_134619.jpg,34.8925,0.055380,20.2033,47.8859
20230113_134615.jpg,144.3793,0.259577,-0.8192,50.4615
20230113_134601.jpg,176.1991,0.103467,14.5129,44.2846
20230113_134600.jpg,307.9730,0.108804,10.0529,46.8076
20230113_134531.jpg,1432.4294,0.045765,8.5197,72.7051
20230113_134512.jpg,516.3680,0.040662,16.7131,67.5684
20230113_134454.jpg,85.5742,0.149054,11.6833,50.6916
20230113_134449.jpg,306.8727,0.089038,17.5314,59.0373
20230113_134432.jpg,284.9974,0.015549,14.1154,67.3947
20230113_134409.jpg,207.2832,0.032487,6.6623,55.6235
20230113_134400.jpg,304.9755,0.129266,3.7468,57.1595
20230113_134356.jpg,219.0025,0.094400,16.2380,58.5186
20230113_134330.jpg,65.1390,0.118008,18.8644,51.1511
20230113_134322.jpg,68.8226,0.176105,7.9821,48.1932
20230113_134316.jpg,354.8230,0.031505,16.7331,63.1272
20230113_134311.jpg,377.6439,0.003779,21.4006,65.1553
20230113_134301.jpg,55.1734,0.231160,28.9538,34.2667
20230113_134256.jpg,2617.2645,0.017329,21.5280,69.4352
20230113_134254.jpg,741.6011,0.016314,20.6652,65.1824
20230113_134245.jpg,356.7857,0.541316,20.2350,29.9953
20230113_134229.jpg,678.5287,0.038282,8.5026,49.3757
20230113_134227.jpg,604.8421,0.038862,7.8278,50.3213
20230113_134221.jpg,447.7087,0.004042,20.1960,58.4709
20230113_134207.jpg,376.3860,0.003924,17.8996,62.3602
20230113_134134.jpg,625.2641,0.231220,14.3864,44.4710
20230113_134133.jpg,510.5502,0.219959,15.1159,43.6090
20230113_134059.jpg,21.8280,0.050464,28.2316,35.1614
20230113_134054.jpg,24.3895,0.049857,27.5549,36.1938
20230113_134048.jpg,20.4557,0.063165,25.1540,29.7771
20230113_134034.jpg,1552.5839,0.004301,27.9577,58.1751
20230113_134029.jpg,1711.0094,0.005665,29.0734,60.5895
20230113_134025.jpg,475.9602,0.021272,21.1564,38.0615
20230113_134005.jpg,531.6195,0.080815,15.8322,54.4594
20230113_133959.jpg,881.5849,0.045790,16.4611,60.5109
20230113_133958.jpg,241.7970,0.042211,21.5392,42.2321
20230113_133947.jpg,267.7919,0.041232,15.7575,53.4200
20230113_133940.jpg,342.2218,0.113461,8.4738,53.1755
20230113_133917.jpg,273.6341,0.016571,16.2585,48.2537
20230113_133901.jpg,4.9324,0.538665,75.9982,33.9706
20230113_133839.jpg,319.3149,0.052151,-0.0462,51.5704
20230113_133835.jpg,158.5996,0.080926,14.1042,38.7744
20230113_133828.jpg,364.2933,0.035754,8.1730,49.5754
20230113_133822.jpg,404.4745,0.531647,20.2692,32.2118
20230113_133751.jpg,259.3880,0.028670,-0.2269,32.4407
20230113_133747.jpg,385.9023,0.023872,-1.9144,54.0179
20230113_133716.jpg,624.8103,0.036345,15.2844,53.8769
20230113_133658.jpg,163.8102,0.156442,7.1701,50.9199
20230113_133642.jpg,495.7317,0.138732,27.6584,54.6014
20230113_133550.jpg,223.1436,0.254501,20.8815,38.5527
20230113_133539.jpg,811.5973,0.237733,19.5910,54.6892
20230113_133520.jpg,47.8359,0.271731,8.9587,38.8955
20230113_133458.jpg,12.6799,0.192181,37.5480,36.4510
20230113_133444.jpg,84.8040,0.237374,14.0847,43.3686
20230113_133434.jpg,222.3282,0.119115,9.7297,56.9883
20230113_133431.jpg,213.1882,0.188228,6.9694,48.9094
20230113_133425.jpg,100.1676,0.170408,10.7214,49.3551
20230113_133421.jpg,118.5254,0.162990,6.1525,49.6789
20230113_133410.jpg,56.1035,0.153899,22.8976,37.8816
20230113_133402.jpg,23.2763,0.077955,35.1398,50.9473
20230113_133359.jpg,84.4214,0.126991,20.8244,56.7201
20230113_133344.jpg,917.6462,0.078347,12.2023,47.4792
20230113_133342.jpg,1777.6761,0.038796,29.2253,55.0035
20230113_133341.jpg,1641.6285,0.038614,28.1120,57.5413
20230113_133315.jpg,374.9265,0.220513,9.3024,57.3350
20230113_133313.jpg,498.3509,0.048227,19.5168,62.0186
20230113_133252.jpg,25.2845,0.032555,32.1345,39.3460
20230113_133244.jpg,146.3124,0.101743,14.8239,50.6914
20230113_133233.jpg,461.8241,0.075451,-1.3973,50.4476
20230113_133232.jpg,355.1472,0.075062,-1.9119,48.1133
20230113_133221_001.jpg,828.6080,0.134670,-0.2938,59.1034
20230113_133221.jpg,1016.9237,0.137607,-2.7864,58.7570
20230113_133206.jpg,369.2103,0.110536,22.6369,59.8854
20230113_133204.jpg,1192.6758,0.111771,8.4680,65.0251
20230113_133203.jpg,1091.5368,0.106760,9.2043,60.5377
20230113_133153.jpg,566.0430,0.092501,-0.2440,57.8867
20230113_133149.jpg,332.6931,0.109196,11.8449,53.1651
20230113_133148.jpg,381.6789,0.110119,8.0803,51.0811
20230113_133134.jpg,19.9198,0.333059,37.8386,37.3476
20230113_133131.jpg,57.0892,0.194372,30.2995,40.9140
20230113_133120_001.jpg,83.7280,0.157398,23.1989,29.7864
20230113_133120.jpg,280.7456,0.157616,13.2941,34.8869
20230113_133112.jpg,111.6302,0.089061,20.9284,56.3961
20230113_133101.jpg,1753.4890,0.030585,17.7468,69.1509
20230113_133100.jpg,1403.1115,0.059988,14.6818,70.1037
20230113_133054.jpg,2021.9381,0.006748,15.5070,69.2197
20230112_154036.jpg,19.4181,0.002759,40.5812,58.6404
20230112_154034.jpg,137.8912,0.081963,43.3327,45.5394
20230112_154010.jpg,53.1687,0.005015,31.4758,45.3956
20230112_153954.jpg,24.1756,0.018514,28.7912,49.0035
20230112_153953.jpg,24.0593,0.009337,28.5832,52.5592
20230112_153952.jpg,17.0186,0.011324,29.3757,48.6396
20230112_153945.jpg,125.1472,0.022369,46.2844,61.2658
20230112_153942.jpg,255.8549,0.005627,35.1306,63.8552
20230112_153907.jpg,69.2034,0.006582,40.6642,56.3965
20230112_153902.jpg,201.6226,0.008906,29.5676,65.4655
20230112_153856.jpg,350.6451,0.027126,36.9284,60.6407
20230112_153854.jpg,69.5446,0.014540,24.0451,62.4998
20230112_153851.jpg,101.2342,0.001993,37.7853,64.0752
20230112_153837.jpg,63.0239,0.032569,46.4240,60.6193
20230112_153836.jpg,99.3556,0.023107,52.8386,60.5438
20230112_153834.jpg,545.4640,0.054281,42.0676,71.9195
20230112_153831.jpg,878.1048,0.048768,-0.4461,64.9987
20230112_153826.jpg,164.7281,0.033846,34.1891,52.2809
20230112_153819.jpg,220.3279,0.052404,14.7809,63.1018
20230112_153815.jpg,63.7727,0.037022,21.1457,55.8199
20230112_153813.jpg,474.1453,0.069400,3.3928,62.3973
20230112_153812.jpg,241.6090,0.064989,16.4294,59.2724
20230112_153810.jpg,166.0277,0.008804,17.8820,52.4256
20230112_153809.jpg,148.8996,0.007275,17.0910,52.2490
20230112_153758.jpg,131.1516,0.050278,14.9894,57.4381
20230112_153753.jpg,201.7711,0.143117,17.7975,57.0273
20230112_153751.jpg,216.2445,0.105724,15.9279,59.7080
20230112_153743.jpg,72.5203,0.029435,21.7717,47.9197
20230112_153737.jpg,244.8361,0.046033,35.9929,42.3828
20230112_153732.jpg,319.0513,0.020737,18.1833,54.5581
20230112_153731.jpg,274.2664,0.019973,18.1848,52.8271
20230112_153721.jpg,178.6773,0.031381,13.4387,54.2633
20230112_153716.jpg,52.9105,0.038018,25.3122,59.6150
20230112_153713.jpg,26.1758,0.007835,34.3205,53.6833
20230112_153710.jpg,103.1131,0.013691,16.8508,54.9279
20230112_153703.jpg,220.4037,0.059112,12.6130,62.1290
20230112_153657.jpg,132.4929,0.041368,19.4294,59.2337
20230112_153651.jpg,49.5060,0.036793,26.3810,45.3721
20230112_153641.jpg,137.0911,0.067438,21.7502,50.2899
20230112_153636.jpg,267.1466,0.035115,8.0461,61.6716
20230112_153622.jpg,112.8425,0.099615,13.1315,45.6592
20230112_153215.jpg,333.1431,0.046092,-3.4481,62.3236
20230112_153137.jpg,32.9747,0.000895,16.3283,64.1810
20230112_153136.jpg,31.9617,0.004173,26.8630,60.4915
20230112_153131.jpg,55.2154,0.000855,11.6315,54.5845
20230112_153120.jpg,15.2625,0.000323,38.3200,57.8635
20230112_153115.jpg,100.2754,0.004793,25.6193,67.1048
20230112_153107.jpg,75.0480,0.005784,15.5134,54.4116
20230112_153100.jpg,141.2612,0.004062,33.1037,69.8821
20230112_153056.jpg,122.4578,0.002505,15.4909,66.2759
20230112_153046.jpg,128.0430,0.003028,-4.4090,62.1101
20230112_153042.jpg,72.6417,0.001968,21.1935,57.7342
20230112_153029.jpg,212.7662,0.001909,25.0261,62.5572
20230112_153026.jpg,93.0577,0.001746,25.0568,59.9796
20230112_153020.jpg,492.7487,0.005757,16.9899,70.5103
20230112_152951.jpg,83.6491,0.032031,32.9714,54.9091
20230112_152947.jpg,313.3497,0.009692,3.8879,70.1413
20230112_152935.jpg,133.7055,0.063137,20.0124,62.4165
20230112_152924.jpg,226.7831,0.030939,8.7878,64.2980
20230112_152923.jpg,206.6546,0.031407,10.4528,65.3575
20230112_152901.jpg,302.3078,0.015003,12.5451,65.0625
20230112_152857.jpg,98.8571,0.050691,11.4987,51.3080
20230112_152829.jpg,559.0416,0.045933,-3.2430,62.9050
20230112_152821.jpg,151.7800,0.029688,5.1691,63.3441
20230112_152818.jpg,371.1968,0.031570,12.9831,64.2816
20230112_152814.jpg,340.5250,0.099541,17.5300,67.6828
20230112_152727.jpg,357.5243,0.112818,8.7375,52.6649
20230112_152722.jpg,335.4197,0.164057,6.5969,53.9693
20230112_152548.jpg,362.8924,0.173857,16.0568,60.2939
20230112_152536.jpg,139.5153,0.080301,30.9221,55.1230
20230112_152534.jpg,209.5554,0.078440,-8.3875,49.2238
20230112_152528.jpg,42.9641,0.095741,29.5978,46.0765
20230112_152513.jpg,124.2328,0.238075,23.4518,57.8773
20230112_152512.jpg,211.5064,0.251184,18.6486,55.7420
20230112_152435.jpg,117.4118,0.060155,21.0309,43.1287
20230112_152432.jpg,171.3910,0.065437,11.3889,57.2705
20230112_152422.jpg,173.1574,0.113551,17.1013,55.6864
20230112_152421.jpg,236.6339,0.115007,15.9767,55.6286
20230112_152357.jpg,712.7596,0.062727,25.0012,67.4398
20230112_152347.jpg,308.9322,0.064168,12.3386,62.8648
20230112_152345.jpg,237.3401,0.066722,11.5392,62.2958
20230112_152335.jpg,481.8293,0.085341,2.7009,66.0332
20230112_152334.jpg,309.9866,0.071785,2.6027,58.4047
20230112_152257.jpg,88.8788,0.101183,23.0822,59.8371
20230112_152255.jpg,41.9202,0.089224,36.6774,51.4515
20230112_152002.jpg,307.0654,0.056135,13.0954,62.5573
20230112_151956.jpg,205.5871,0.041239,12.8098,65.4887
20230112_151944.jpg,104.2057,0.130101,10.9406,42.3399
20230112_151936.jpg,133.1704,0.165459,16.7863,51.4939
20230112_151935.jpg,447.5232,0.157514,8.9382,59.3561
20230112_151934.jpg,263.7213,0.161315,13.8366,60.1317
20230112_151915.jpg,195.8061,0.121579,18.0729,63.3490
20230112_151909.jpg,198.0068,0.143290,22.8054,52.7193
20230112_151845.jpg,110.3842,0.162395,18.6486,40.5650
20230112_151839.jpg,298.8657,0.129123,11.2082,44.9485
20230112_151821.jpg,323.0067,0.164329,8.6179,63.1229
20230112_151819.jpg,296.6820,0.148532,8.5793,54.2122
20230112_151815.jpg,149.9003,0.228033,23.4157,49.2967
20230112_151813.jpg,188.4885,0.164177,22.8127,56.3618
20230112_151805.jpg,71.1697,0.054763,16.4416,61.2235
20230112_151800.jpg,354.9924,0.095712,14.5056,68.2812
20230112_151759.jpg,152.6520,0.095010,20.2888,64.9990
20230112_151755_001.jpg,280.3204,0.086146,10.5012,59.6842
20230112_151755.jpg,234.8684,0.090731,11.0700,60.1183
20230112_151741.jpg,64.6751,0.133634,24.3434,33.4032
20230112_151739.jpg,280.3866,0.127537,8.6516,58.1570
20230112_151732.jpg,1107.9620,0.128415,0.7512,52.2096
20230112_151639.jpg,297.3977,0.271968,16.8820,64.8365
20230112_151633.jpg,185.8425,0.206373,20.8205,45.0895
20230112_151632.jpg,85.4312,0.211869,25.1349,42.6845
20230112_151615.jpg,103.1663,0.148749,34.2482,53.8080
20230112_151613.jpg,207.8149,0.200824,22.3703,57.1895
20230112_151612.jpg,190.8984,0.217436,20.6154,57.3747
20230112_151604.jpg,299.8181,0.017490,59.5905,57.7125
20230112_151550.jpg,468.4752,0.047258,20.0031,44.7710
20230112_151541.jpg,51.8218,0.051387,22.0046,47.7868
20230112_151539.jpg,126.8584,0.213079,10.8068,54.9712
20230112_151537.jpg,139.5314,0.199619,6.8791,53.0085
20230112_151514.jpg,351.5891,0.030445,17.4943,54.2786
20230112_151507.jpg,133.4408,0.117816,11.8674,40.2114
20230112_151505.jpg,450.5153,0.139293,17.6891,53.1393
20230112_151500.jpg,308.4183,0.041792,11.8078,64.4963
20230112_145021.jpg,307.5330,0.034063,9.6291,58.5998
20230112_145009.jpg,56.7352,0.021019,21.6017,42.7831
20230112_145007.jpg,60.7724,0.021408,29.6306,44.0832
20230112_145004.jpg,107.6638,0.063305,-9.8465,57.7769
20230112_145002.jpg,30.0407,0.052379,18.6398,47.0739
20230112_144928.jpg,407.8326,0.016075,11.5373,64.5969
20230112_144925.jpg,219.2722,0.012116,12.1432,55.1399
20230112_144916.jpg,84.5385,0.014533,12.3366,63.2846
20230112_144907.jpg,31.4384,0.039349,22.5236,25.5960
20230112_144904.jpg,198.7950,0.008152,16.4308,56.3233
20230112_144857.jpg,67.4255,0.040272,12.1784,56.6289
20230112_144846.jpg,107.2778,0.265874,23.0759,45.5938
20230112_144834.jpg,116.1705,0.257528,28.1003,41.8746
20230112_144831.jpg,259.5832,0.227972,10.6428,46.3527
20230112_144819.jpg,223.7721,0.037507,15.7033,63.0190
20230112_144815.jpg,330.1297,0.040384,10.9880,62.1589
20230112_144641.jpg,176.7941,0.069627,5.9333,35.8211
20230112_144639.jpg,203.9831,0.050685,2.7404,40.0849
20230112_144631.jpg,210.0690,0.074574,12.1804,51.4374
20230112_144628.jpg,162.8794,0.050055,27.6100,38.8766
20230112_144625.jpg,206.7501,0.013608,13.0266,44.7405
20230112_144621.jpg,159.2173,0.156473,20.4401,44.1562
20230112_144611.jpg,930.5255,0.040984,11.4504,66.8015
20230112_144609.jpg,472.1223,0.036078,31.5685,59.3107
20230112_144601.jpg,387.3745,0.053458,35.5178,48.3813
20230112_144559.jpg,423.8332,0.062090,17.9699,54.2905
20230112_144558.jpg,358.7377,0.062331,16.7560,52.8253
20230112_144546.jpg,130.9595,0.061771,8.5807,52.1057
20230112_144540.jpg,148.7378,0.089864,12.7136,40.1239
20230112_144538.jpg,350.2677,0.094139,19.3923,47.7187
20230112_144445.jpg,60.5622,0.059040,12.0256,49.2423
20230112_144443.jpg,61.5566,0.069504,14.0207,46.0836
20230112_144440.jpg,443.7733,0.003985,12.9025,64.1540
20230112_144439.jpg,380.7624,0.005463,20.4894,61.6549
20230112_144433.jpg,542.1836,0.016265,22.0378,51.0288
20230112_144431_001.jpg,179.6937,0.013353,17.3098,49.1891
20230112_144431.jpg,96.6425,0.010989,18.5471,45.8790
20230112_144354.jpg,100.3829,0.156970,11.6457,45.4124
20230112_144353.jpg,61.4111,0.163918,19.2648,54.4922
20230112_144341.jpg,566.4657,0.043502,16.0651,67.9721
20230112_144334.jpg,83.6813,0.262952,32.0563,35.0211
20230112_144332.jpg,221.3922,0.224514,0.6818,46.2051
20230112_144330.jpg,138.2872,0.197753,11.5964,46.6986
20230112_144323.jpg,398.8233,0.022863,8.1349,41.0710
20230112_144318.jpg,230.4529,0.108336,11.6525,44.7350
20230112_144313.jpg,42.5499,0.005723,26.0388,24.0459
20230112_144302.jpg,180.6321,0.039644,26.0485,49.1201
20230112_144250.jpg,252.8377,0.032554,24.1823,54.4829
20230112_144241.jpg,295.4341,0.080297,20.1682,58.9981
20230112_144237.jpg,595.1665,0.014672,22.9919,63.9230
20230112_144234.jpg,1972.9241,0.018410,18.3234,74.0452
20230112_144223.jpg,364.7686,0.050035,11.3478,54.1791
20230112_144215.jpg,421.8382,0.097851,7.1247,63.3627
20230112_144209.jpg,142.0134,0.124898,20.0392,59.3405
20230112_144206.jpg,676.5392,0.012328,27.7399,64.7830
20230112_144140.jpg,151.9655,0.019119,21.0446,43.6415
20230112_144135.jpg,145.5676,0.002027,17.0139,46.4779
20230112_144131.jpg,253.7793,0.002086,16.2516,52.4260
20230112_144125.jpg,186.5192,0.042894,14.2145,60.3198
20230112_144057.jpg,219.9618,0.059622,17.2160,56.6451
20230112_144050.jpg,33.3742,0.218155,22.1833,58.0435
20230112_144048.jpg,165.7187,0.161492,19.2741,53.1123
20230112_144047.jpg,109.3909,0.165077,23.4494,52.5388
20230112_144032.jpg,76.5321,0.128241,18.0876,51.4198
20230112_144018.jpg,67.6534,0.103845,25.2106,56.6956
20230112_144013.jpg,187.8796,0.040273,15.4240,66.4348
20230112_144011.jpg,232.9567,0.044770,17.0056,68.6921
20230112_144008.jpg,210.5458,0.015490,9.7897,53.1485
20230112_144005.jpg,345.4590,0.006488,24.1071,53.4702
20230112_144001.jpg,168.1824,0.031417,8.8957,65.6467
20230112_144000.jpg,457.7079,0.039698,3.9011,68.1842
20230112_143959.jpg,317.4548,0.034080,8.8654,65.4394
20230112_143946.jpg,418.1383,0.047483,8.3478,65.2522
20230112_143942.jpg,50.8809,0.088061,41.3644,53.4281
20230112_143936.jpg,306.9294,0.058227,18.6393,63.2536
20230112_142157.jpg,177.0237,0.010418,20.8039,66.4757
20230112_142156.jpg,159.2368,0.008042,12.5158,63.5626
20230112_142142.jpg,382.1628,0.008342,23.9372,68.3692
20230112_142106.jpg,111.4947,0.022542,13.4152,49.0033
20230112_142058.jpg,440.2120,0.007432,21.6808,64.3068
20230112_142026.jpg,69.2297,0.024836,19.8156,45.4560
20230112_142022.jpg,398.3336,0.040127,10.3854,68.4677
20230112_142017.jpg,620.3886,0.113511,53.5544,65.7232
20230112_142012.jpg,399.5247,0.043465,11.9416,54.2304
20230112_142011.jpg,872.5512,0.036886,13.8547,41.5605
20230112_142005.jpg,843.4461,0.062503,2.5432,70.4076
20230112_142002.jpg,117.4232,0.020650,14.7912,67.2111
20230112_141959.jpg,131.7553,0.042450,34.0422,53.0867
20230112_141954.jpg,924.5725,0.058252,19.4650,70.2238
20230112_141943.jpg,36.0164,0.110610,30.1491,52.3127
20230112_141856.jpg,1556.1589,0.035715,20.3566,73.2490
20230112_141850.jpg,1176.3698,0.013534,18.2609,70.2437
20230112_141840.jpg,1220.2864,0.001262,18.4367,75.6664
20230112_141831.jpg,663.7787,0.012727,32.4230,72.9194
20230112_141816.jpg,32.3075,0.024461,34.0173,58.6872
20230112_141740.jpg,742.7701,0.001273,13.3644,72.0970
20230112_141727.jpg,1407.6268,0.024489,25.3254,61.1523
20230112_141721.jpg,507.0016,0.006995,20.5480,71.8215
20230112_141719.jpg,450.3824,0.002923,23.8542,72.4773
20230112_141715.jpg,234.7119,0.000253,19.8508,64.6108
20230112_141713.jpg,1301.3456,0.013084,27.0099,75.1902
20230112_141707.jpg,21.5873,0.021140,38.1994,51.9371
20230112_141658.jpg,62.2992,0.011174,21.5681,46.9547
20230112_141655.jpg,51.5363,0.006168,15.6349,60.1467
20230112_141650.jpg,225.9109,0.014062,13.2116,72.0338
20230112_141644.jpg,748.9847,0.011501,36.5637,68.9512
20230112_141640.jpg,438.9089,0.010600,20.5099,68.7378
20230112_141628.jpg,1230.0529,0.013652,23.7599,71.1413
20230112_141626.jpg,844.2184,0.034036,19.0568,67.6498
20230112_141619.jpg,220.2138,0.003175,9.9103,49.6187
20230112_141611.jpg,796.8866,0.005943,22.1144,64.6366
20230112_141609.jpg,579.6771,0.006722,19.4572,61.0759
20230112_141600.jpg,575.4103,0.009473,12.7492,69.4691
20230112_141558.jpg,703.9054,0.001887,8.3410,70.8073
20230112_141556.jpg,79.5846,0.001093,26.8058,46.2885
20230112_141554.jpg,322.6353,0.009192,11.3249,66.7328
20230112_141545.jpg,190.4664,0.016231,6.6843,58.6107
20230112_141543.jpg,95.1414,0.002374,33.9645,48.4354
20230112_141537.jpg,99.4534,0.003095,26.3703,47.4834
20230112_133433.jpg,128.9343,0.000630,32.2067,59.0615
20230112_133431.jpg,85.9491,0.000204,24.1804,57.6535
20230112_133426.jpg,184.7071,0.003440,8.4172,64.7736
20230112_133417.jpg,90.8470,0.017440,7.4186,58.0833
20230112_133412.jpg,26.4668,0.000034,25.0182,62.5235
20230112_133410.jpg,26.1644,0.001031,28.4460,55.5974
20230112_133407.jpg,60.6588,0.005281,10.6535,62.8037
20230112_133404.jpg,52.8679,0.006227,10.9265,57.9869
20230112_133400.jpg,185.6957,0.007264,10.3884,65.4787
20230112_133347.jpg,99.0240,0.009425,14.8503,67.8986
20230112_133344.jpg,444.9116,0.008853,16.7072,68.4948
20230112_133342.jpg,2031.6766,0.001783,15.0012,66.5350
20230112_133340.jpg,101.7014,0.003031,18.1555,52.2686
20230112_133337.jpg,101.4083,0.004792,15.7033,48.6105
20230112_133334.jpg,228.3888,0.006668,10.4138,63.6618
20230112_133322.jpg,124.0118,0.001290,44.8957,50.6013
20230112_133311.jpg,142.9600,0.006828,41.7116,60.9409
20230112_133252.jpg,297.2417,0.020052,28.7370,71.3811
20230112_133248.jpg,219.5700,0.026355,8.1848,61.2354
20230112_133247.jpg,224.8687,0.026857,4.0544,62.7062
20230112_133225.jpg,41.0966,0.018374,31.1662,59.6464
20230112_133213.jpg,71.9898,0.068913,16.7394,64.1777
20230112_133149.jpg,132.7404,0.013030,22.6193,64.5285
20230112_133117.jpg,37.5709,0.021544,27.1164,39.6915
20230112_133110.jpg,126.0033,0.015197,48.6271,55.6294
20230112_133104.jpg,669.8323,0.035196,31.2878,69.9026
20230112_133036.jpg,1301.0624,0.015802,29.7087,33.2905
20230112_133018.jpg,346.5150,0.012694,35.7639,66.4447
20230112_133011.jpg,206.9218,0.040002,11.5124,58.1578
20230112_133006.jpg,308.1362,0.019744,19.8972,63.0398
20230112_133004.jpg,135.7816,0.032268,20.0729,64.3505
20230112_133001.jpg,251.9524,0.037725,15.2101,56.1171
20230112_133000.jpg,230.2352,0.037542,16.3517,54.0061
20230112_132953.jpg,145.4710,0.018925,25.5236,60.6610
20230112_132951.jpg,165.3880,0.005469,22.0349,57.3442
20230112_132936.jpg,176.2330,0.004265,31.2702,54.4802
20230112_132850.jpg,112.0242,0.003962,40.9177,46.5087
20230112_132840.jpg,47.6329,0.002256,59.8459,42.9668
20230112_132837.jpg,410.1852,0.012742,25.2814,44.2339
20230112_132828.jpg,36.4947,0.009800,34.6003,56.7202
20230112_132824.jpg,104.7035,0.007811,34.0685,56.0837
20230112_132821.jpg,104.9922,0.010539,22.2980,40.0339
20230112_132818.jpg,295.8328,0.001439,18.4084,49.5071
20230112_132812.jpg,142.2049,0.000803,-9.1268,60.3898
20230112_132811.jpg,63.2234,0.000488,8.7614,30.3378
20230112_132802.jpg,28.3069,0.001512,51.1960,45.8197
20230112_132738.jpg,382.8997,0.024785,8.0876,53.2886
20230112_132731.jpg,327.3581,0.004287,18.4680,59.3312
20230112_132715.jpg,29.8099,0.070231,23.9870,45.1490
20230112_132702.jpg,161.5005,0.021834,14.9582,52.5134
20230112_132656.jpg,338.4531,0.023831,18.5060,57.4974
20230112_132654.jpg,653.7600,0.019868,3.3215,58.6384
20230112_132652.jpg,68.0396,0.009586,30.3034,53.2172
20230112_132650.jpg,111.5128,0.013938,27.3410,50.5452
20230112_132647.jpg,40.6104,0.028697,20.5969,51.9881
20230112_132642.jpg,97.4322,0.051439,21.5539,63.5577
20230112_132637.jpg,196.6398,0.003434,13.2795,57.9106
20230112_132634.jpg,93.2822,0.088315,17.2336,61.6236
20230112_130102.jpg,454.2385,0.011020,10.1223,56.8630
20230112_130057_001.jpg,800.4358,0.012482,18.1369,62.4883
20230112_130057.jpg,743.9896,0.012631,18.3571,61.2856
20230112_130040.jpg,721.1251,0.016496,5.4157,70.5515
20230112_130031.jpg,210.0999,0.006971,27.9328,38.6836
20230112_130028.jpg,342.9396,0.048852,14.9626,55.8217
20230112_130025.jpg,361.8883,0.023832,16.8117,63.9939
20230112_130022.jpg,306.7277,0.022019,23.8776,55.8507
20230112_130019.jpg,621.0191,0.022669,25.7355,55.5718
20230112_130014.jpg,798.7195,0.204157,20.2609,45.2534
20230112_125955.jpg,270.7423,0.010732,16.4587,69.8120
20230112_125949.jpg,107.9397,0.061879,33.6716,63.3703
20230112_125945.jpg,326.3108,0.012965,9.3273,66.8695
20230112_125935.jpg,51.6802,0.033446,27.0891,58.1977
20230112_125929.jpg,1740.7296,0.039280,12.1535,76.8377
20230112_125928.jpg,1437.2274,0.036756,12.2551,75.3505
20230112_125904.jpg,856.0346,0.065535,7.1223,63.6486
20230112_125902.jpg,494.7304,0.036250,10.7780,58.0644
20230112_125852.jpg,571.5926,0.021712,23.5480,64.9940
20230112_125849.jpg,694.8330,0.022201,13.8947,64.2325
20230112_125842.jpg,1117.2145,0.059169,10.2346,61.8714
20230112_125840.jpg,294.5916,0.002007,25.1154,60.6129
20230112_125838.jpg,508.0629,0.012050,36.1135,50.2070
20230112_125836.jpg,85.1353,0.004395,42.8049,34.8265
20230112_125833.jpg,287.7007,0.010144,19.7609,53.5700
20230112_125830.jpg,221.2096,0.008684,19.0856,57.4729
20230112_125829.jpg,307.2828,0.016789,12.7956,62.6035
20230112_125046.jpg,526.8180,0.048955,15.3762,65.7966
20230112_125042.jpg,294.3482,0.056034,13.9235,65.7304
20230112_124825.jpg,112.2783,0.032465,38.1052,58.7041
20230112_124821.jpg,724.9127,0.054998,10.0207,63.5428
20230112_124815.jpg,164.0276,0.053860,45.0568,60.8548
20230112_124813.jpg,386.4097,0.025474,16.3029,61.8083
20230112_124808.jpg,687.9813,0.048257,19.5998,71.3077
20230112_124806.jpg,87.1055,0.019364,20.0690,56.2936
20230112_124755.jpg,1915.9066,0.039592,-0.0599,64.7067
20230112_124753.jpg,192.0127,0.023875,8.6765,64.4025
20230112_124750.jpg,434.7513,0.014685,19.5847,66.8992
20230112_124744.jpg,83.8104,0.009563,8.4006,63.9185
20230112_124741.jpg,125.5286,0.050263,35.1662,57.4665
20230112_124738.jpg,808.6514,0.036682,19.4103,64.8985
20230112_124720.jpg,653.0017,0.144064,7.1198,62.9945
20230112_124716.jpg,226.8548,0.070478,11.2863,57.9143
20230112_124713.jpg,274.1509,0.087522,25.4694,61.9717
20230112_124709.jpg,769.6614,0.097321,6.3425,63.4182
20230112_124706.jpg,124.9164,0.049420,16.2136,58.2993
20230112_124701.jpg,602.0706,0.027278,15.3117,62.1484
20230112_123831.jpg,243.7767,0.054655,28.8029,65.0455
20230112_123829.jpg,628.7924,0.105632,18.9089,66.0458
20230112_123824.jpg,91.0698,0.024878,6.2209,23.3237
20230112_123822.jpg,194.1143,0.009820,10.1931,47.2156
20230112_123820.jpg,100.1953,0.013191,3.6525,55.3554
20230112_123810.jpg,27.6187,0.050818,36.4182,55.3400
20230112_123807.jpg,110.8415,0.142265,37.1027,56.9288
20230112_123804.jpg,177.8806,0.028090,14.4890,61.5583
20230112_123801.jpg,302.4549,0.054417,-2.7230,65.9936
20230112_123758.jpg,856.6302,0.020198,21.0807,66.8636
20230112_123755.jpg,68.9919,0.032490,21.6359,66.1463
20230112_123749.jpg,1022.2162,0.109990,34.7228,59.3879
20230112_123748.jpg,1134.1736,0.108498,40.6066,60.7922
20230112_123744.jpg,402.9559,0.024495,15.8254,41.2620
20230112_123742.jpg,966.1366,0.034064,13.1257,65.7155
20230112_123739.jpg,477.3237,0.040556,11.3610,67.3405
20230112_123736.jpg,694.7405,0.057654,7.0705,66.5804
20230112_123731.jpg,1424.9969,0.045306,9.0329,63.1201
20230112_123719.jpg,916.1733,0.037375,12.7482,68.5300
20230112_123716.jpg,641.8260,0.146518,6.0700,59.8295
20230112_123706.jpg,368.3237,0.025327,27.2180,69.9345
20230112_123704.jpg,984.9781,0.036578,12.1183,69.7975
20230112_123701_001.jpg,789.3487,0.040498,24.9548,53.7195
20230112_123701.jpg,698.8327,0.038014,26.2023,53.4897
20230112_123655.jpg,58.7846,0.060427,26.7761,54.7145
20230112_123652.jpg,790.1913,0.110636,9.8747,66.0954
20230112_123651.jpg,720.5621,0.083917,6.8815,61.8530
20230112_123643.jpg,1834.3830,0.008393,58.2687,73.2349
20230112_123640.jpg,76.2465,0.005583,27.8298,60.4418
20230112_123638.jpg,239.5133,0.010252,35.8029,71.8391
20230112_123636.jpg,285.2544,0.008557,28.5012,70.7119
20230112_123632.jpg,292.8168,0.022348,12.8381,68.2180
20230112_123630.jpg,379.6214,0.021274,-1.5443,70.5726
20230112_123621.jpg,1254.5740,0.120674,7.6877,69.9332
20230112_123618.jpg,685.9450,0.118583,6.7717,67.6438
20230112_123614.jpg,571.2191,0.053655,17.2424,69.1440
20230112_123606.jpg,756.7601,0.042166,8.4011,58.6624
20230112_123557.jpg,943.5257,0.054587,3.4621,69.8019
20230112_123537.jpg,615.7365,0.042727,10.8444,64.3056
20230112_112516.jpg,85.0650,0.002885,27.1535,69.0396
20230112_111708.jpg,173.3019,0.019289,21.8879,60.1695
20230112_111653.jpg,228.7670,0.002830,13.8659,48.2568
20230112_111635.jpg,350.2231,0.014440,19.3215,48.9033
20230112_111634.jpg,113.5218,0.007593,39.9724,53.0835
20230112_111628.jpg,18.5888,0.017300,30.6818,37.9549
20230112_111620.jpg,348.4849,0.004474,15.1613,62.2049
20230112_111617.jpg,83.3838,0.019791,16.3849,47.7491
20230112_111613.jpg,237.4161,0.068833,10.6701,63.9152
20230112_111610.jpg,155.4902,0.048521,13.3600,55.1317
20230112_111552.jpg,241.2160,0.019885,7.4177,55.4238
20230112_111548.jpg,74.5698,0.003298,7.9025,41.2823
20230112_111543.jpg,266.9656,0.011823,15.9357,57.9337
20230112_111536.jpg,155.6191,0.053607,6.2873,59.1102
20230112_111533.jpg,559.7631,0.015690,28.0529,35.2998
20230112_111531.jpg,283.5836,0.014935,37.1432,57.5648
20230112_111530.jpg,186.9607,0.005761,37.9435,67.5057
20230112_111528.jpg,319.4695,0.014192,36.8171,55.0634
20230112_111526.jpg,707.1408,0.004300,21.8527,64.3105
20230112_111522.jpg,1634.8897,0.013184,39.7536,64.9646
20230112_111513.jpg,80.5120,0.004235,36.4914,55.9480
20230112_111508.jpg,79.2514,0.007902,23.5607,53.5568
20230112_111503.jpg,71.6772,0.025370,34.3469,60.4007
20230112_111501.jpg,151.1234,0.000743,28.3669,48.6465
20230112_111459.jpg,357.9907,0.004463,16.6218,52.0505
20230112_105713.jpg,292.0363,0.036779,21.9147,74.0172
20230112_105706.jpg,877.0685,0.003674,30.7917,67.8854
20230112_105702.jpg,217.9992,0.044622,23.7023,69.3796
20230112_104918.jpg,166.6373,0.013193,11.4108,54.9989
20230112_104912.jpg,94.6222,0.016701,25.8151,64.0147
20230112_104901.jpg,16.5295,0.004812,30.8063,53.7840
20230112_104853.jpg,470.0697,0.040711,17.2726,62.1171
20230112_104346.jpg,127.3170,0.048962,20.6555,56.3132
20230112_104341.jpg,126.2115,0.007128,17.6872,60.8294
20230112_104338.jpg,203.9476,0.031520,15.2385,65.2410
20230112_104327.jpg,626.6047,0.042302,15.9460,66.4019
20230112_104311.jpg,439.7075,0.068443,16.3391,67.0376
20230112_104309.jpg,118.1873,0.018684,21.3488,66.0235
20230112_104306.jpg,76.0331,0.110010,21.6525,63.5859
20230112_104300.jpg,130.6127,0.027376,15.4601,65.9585
20230112_104258.jpg,371.1416,0.039491,15.7336,63.6600
20230112_104252.jpg,271.0119,0.048156,11.4450,61.3529
20230112_104240.jpg,131.6713,0.006682,20.2512,64.9360
20230112_104236.jpg,415.4565,0.037244,18.7946,67.8688
20230112_104231.jpg,263.1501,0.037051,23.8981,65.6355
20230112_104228.jpg,417.8698,0.002513,36.0705,61.2185
20230112_104226.jpg,119.4253,0.011234,20.7995,58.7847
20230112_104222.jpg,373.8901,0.011478,10.1584,66.9916
20230112_104220.jpg,132.8045,0.002091,3.3547,66.3449
20230112_104219.jpg,768.2625,0.034260,26.5959,59.5712
20230112_104214.jpg,571.7277,0.038558,5.8361,64.4548
20230112_104211.jpg,94.2579,0.008596,24.6877,62.9839
20230112_104208.jpg,115.8459,0.008369,24.2385,56.2417
20230112_104202.jpg,191.8226,0.004955,15.8449,67.8289
20230112_104200.jpg,174.1585,0.017560,16.6574,63.3044
20230112_104153.jpg,138.4823,0.031372,14.6808,58.0255
20230112_104147.jpg,288.3803,0.010652,19.0109,64.7990
20230112_104140.jpg,94.1433,0.024289,24.1774,46.1799
20230112_104136.jpg,190.5335,0.011887,12.9372,56.5428
20230112_104133.jpg,273.7611,0.052477,9.5236,54.8846
20230112_104129.jpg,129.2165,0.021483,23.2849,64.6970
20230112_104120.jpg,77.7537,0.186752,16.4167,59.6909
20230112_104118.jpg,133.2542,0.184079,9.9035,55.4811
20230112_104115.jpg,80.2660,0.105633,30.9914,50.3950
20230112_103952.jpg,147.9089,0.015802,19.3898,64.6616
20230112_103944.jpg,193.3614,0.020173,20.7131,63.3672
20230112_103927.jpg,243.3568,0.078134,19.5998,67.9421
20230112_103918.jpg,235.2057,0.060898,23.1389,67.1327
20230112_103914.jpg,622.9482,0.042963,17.8469,63.6813
20230112_103905.jpg,614.2733,0.005335,12.1584,67.8345
20230112_103823.jpg,275.2194,0.051676,22.8522,68.6600
20230112_103818.jpg,352.4128,0.095706,14.2375,71.6200
20230112_103803.jpg,131.4061,0.015119,18.1149,59.2616
20230112_103750.jpg,155.8487,0.013727,15.8957,65.4475
20230112_103742.jpg,127.1585,0.022979,27.8913,56.2309
20230112_103732.jpg,217.2451,0.051495,11.0358,56.4980
20230112_103717.jpg,107.7753,0.028774,24.8552,58.9371
20230112_103710.jpg,302.1067,0.021339,8.2648,62.7946
20230112_102216.jpg,374.9520,0.022065,8.1896,61.2874
20230112_102215.jpg,332.6704,0.021312,11.2101,62.7908
20230112_101936.jpg,321.6382,0.030749,29.5134,56.3400
20230112_101934.jpg,159.9377,0.009067,5.1760,59.0920
20230112_101929.jpg,519.9068,0.052316,25.1716,71.0171
20230112_101921.jpg,266.4774,0.014107,40.8317,42.3789
20230112_101915.jpg,203.8324,0.042559,23.7878,45.6758
20230112_101911.jpg,901.8604,0.032408,25.8391,65.6616
20230112_101902.jpg,402.0994,0.020718,5.1960,67.5162
20230112_101900.jpg,413.3969,0.020790,8.5153,60.2125
20230112_101858.jpg,318.9579,0.019347,22.2258,59.0671
20230112_101852.jpg,399.1077,0.029891,17.9963,67.6324
20230112_101845.jpg,332.1485,0.013466,26.0451,64.8061
20230112_101841.jpg,1011.0016,0.008945,8.7209,59.7559
20230112_101833.jpg,90.0798,0.053346,33.7224,59.7259
20230112_101825.jpg,40.3173,0.006211,31.8781,64.6402
20230112_101822.jpg,24.4752,0.011907,31.3932,53.8588
20230112_101813.jpg,142.1187,0.002737,23.1652,60.6335
20230112_101758.jpg,116.8541,0.005537,22.7121,62.7635
20230112_101752.jpg,352.6848,0.052267,43.4255,69.8497
20230112_101749.jpg,1150.6827,0.005421,80.3830,56.2913
20230112_101748.jpg,1821.7160,0.006153,71.8019,61.7289
20230112_101742.jpg,263.6844,0.005451,28.6647,70.1444
20230112_101730.jpg,150.8936,0.004094,39.7033,68.8677
20230112_101728.jpg,155.4331,0.002381,17.7741,64.4275
20230112_101722.jpg,23.9748,0.004870,24.1481,51.5809
20230112_101719.jpg,64.0119,0.002220,-1.5853,62.5506
20230112_101715.jpg,167.3989,0.001493,13.9411,60.8886
20230112_101655.jpg,79.0242,0.009238,45.6608,64.9788
20230112_101646.jpg,231.1375,0.033295,2.1257,64.0545
20230112_101638.jpg,42.3880,0.001583,30.4172,60.1960
20230112_101632.jpg,98.6206,0.033069,22.9850,58.5475
20230112_101628.jpg,324.9244,0.002828,13.3796,61.8979
20230112_101621.jpg,77.4086,0.002004,20.8986,52.0638
20230112_101612.jpg,320.9693,0.002091,47.3493,68.8632
20230112_101608.jpg,131.8326,0.010520,19.8483,62.4583
20230112_101556.jpg,234.3699,0.006352,21.5060,64.8554
20230112_101554.jpg,179.5556,0.005038,4.6418,64.3956
20230112_101549.jpg,206.8353,0.016832,9.9455,58.8753
20230112_101431.jpg,19.3060,0.005956,31.1389,53.8689
20230112_101413.jpg,432.8946,0.060154,4.0392,66.5836
20230112_101411.jpg,143.8451,0.021493,10.9050,61.3570
20230112_101308.jpg,75.0789,0.023680,22.3752,55.8799
20230112_101305.jpg,69.2017,0.029417,25.1437,56.3897
20230112_101300.jpg,89.3984,0.033101,21.7160,57.4069
20230112_101259.jpg,260.0256,0.009463,10.8303,57.7665
20230112_101249.jpg,23.9740,0.037528,34.2751,47.7901
20230112_101239.jpg,246.7142,0.022655,13.3444,43.3792
20230112_101231.jpg,185.4611,0.095015,16.0432,63.3885
20230112_101228.jpg,128.0120,0.015104,17.7184,66.5308
20230112_015734.jpg,228.3719,0.000392,50.9504,50.4565
20221208_001248.jpg,175.2330,0.040758,24.9069,46.8717
20221208_001246.jpg,958.4320,0.016970,24.2443,39.4399
20221208_001244_002.jpg,59.8438,0.210815,14.0187,47.3201
20221208_001244_001.jpg,131.7728,0.047718,13.2707,57.1060
20221208_001244.jpg,50.4490,0.074310,16.9318,51.6815
20221208_001242_001.jpg,17.2595,0.171209,39.7927,46.9554
20221208_001242.jpg,153.8388,0.084161,11.6960,52.7441
20221208_001240.jpg,159.7599,0.053479,10.8849,54.8740
20221208_001238_001.jpg,511.6643,0.115115,20.6017,60.6142
20221208_001238.jpg,406.9521,0.060571,12.9665,61.6323
20221208_001236_001.jpg,280.2017,0.045928,37.5930,44.6613
20221208_001236.jpg,962.6173,0.199771,35.9377,48.0367
20221208_001234.jpg,1579.2787,0.025916,18.2131,60.9551
20221208_001230_001.jpg,11.2247,0.064822,38.9982,33.7176
20221208_001230.jpg,56.9191,0.028285,29.9113,54.2504
20260620_080001.jpg,121.9157,0.033429,60.5574,51.9402
20260620_080000.jpg,159.4361,0.026602,62.9990,38.6529
