filnavn,sharpness,exposure,brisque,musiq,tag_score,total
20201228_121146.jpg,3.17,9.57,8.64,9.92,5.52,5.49
20221020_050156.jpg,4.35,1.00,2.91,2.99,5.57,6.91
20221020_050220.jpg,1.93,10.00,1.00,6.42,5.28,7.63
20221103_022936.jpg,10.00,1.00,8.59,3.98,4.84,7.23
20221107_034938.jpg,1.69,10.00,3.32,5.64,6.65,7.82
20221116_230620.jpg,1.18,7.90,6.08,6.56,3.07,2.54
20221116_230622.jpg,1.52,9.56,4.78,8.49,3.90,4.26
20221116_230622_001.jpg,1.83,9.01,6.40,8.78,3.58,3.12
20221116_230622_002.jpg,1.03,9.40,5.33,4.40,4.46,5.13
20221116_230622_003.jpg,1.03,9.42,4.47,7.40,3.80,4.43
20221116_230626.jpg,8.74,9.09,4.37,7.78,5.82,5.97
20221116_230626_001.jpg,1.20,9.50,5.01,4.73,4.03,5.48
20221116_230628.jpg,1.12,1.32,5.97,1.00,4.99,4.69
20221116_230628_001.jpg,1.18,1.00,5.00,2.43,3.95,2.12
20221116_230630.jpg,1.35,9.92,8.00,2.29,5.44,4.65
20221116_230630_001.jpg,1.13,7.83,4.68,1.00,3.85,1.30
20221116_230632.jpg,2.60,1.00,6.73,3.90,4.81,3.55
20221116_230634.jpg,1.95,8.47,6.29,5.75,4.36,4.48
20221116_230634_001.jpg,1.71,9.28,4.07,6.55,4.86,2.69
20221116_230636.jpg,2.44,9.77,5.43,3.89,4.52,3.11
20221116_230636_001.jpg,1.35,8.96,7.71,2.31,4.53,3.36
20221116_230638.jpg,1.29,9.24,7.70,3.54,5.41,4.84
20221116_230638_001.jpg,1.30,6.67,7.54,2.28,4.67,3.26
20221116_230640.jpg,4.66,1.28,6.64,4.15,3.79,2.62
20221116_230640_001.jpg,1.35,7.81,7.83,2.16,6.09,6.03
20221116_230640_002.jpg,1.12,1.00,5.68,1.93,4.49,4.09
20221116_230642.jpg,2.35,9.20,9.20,4.39,5.86,5.69
20221116_230642_001.jpg,8.00,5.39,10.00,2.94,4.65,4.32
20221116_230642_002.jpg,1.25,9.94,6.97,3.46,3.63,2.74
20221208_001158.jpg,1.03,1.00,6.13,1.58,4.28,2.74
20221208_001200.jpg,1.49,9.22,8.03,3.76,5.21,3.11
20221208_001202.jpg,1.79,9.48,8.42,5.84,5.55,4.28
20221208_001202_001.jpg,3.56,1.00,8.74,5.43,4.53,4.66
20221208_001204.jpg,1.43,7.57,5.92,1.74,4.73,3.88
20221208_001204_001.jpg,3.91,7.47,9.31,6.24,4.59,3.41
20221208_001206.jpg,1.29,9.54,6.04,1.00,5.36,4.56
20221208_001206_001.jpg,1.29,7.42,6.55,5.59,5.21,4.96
20221208_001208.jpg,2.04,8.77,8.70,4.87,5.63,4.48
20221208_001210.jpg,1.90,7.50,9.15,5.81,4.69,4.24
20221208_001212.jpg,1.23,8.35,6.63,1.00,4.97,2.90
20221208_001212_001.jpg,1.81,4.60,6.74,1.00,5.38,5.06
20221208_001214.jpg,2.37,7.09,6.00,5.39,5.54,5.98
20221208_001216.jpg,1.81,4.44,7.31,2.66,6.09,6.07
20221208_001216_001.jpg,1.37,9.76,5.74,3.81,5.29,5.12
20221208_001220.jpg,1.00,9.98,7.20,6.08,4.57,3.93
20221208_001222.jpg,1.00,8.64,3.36,5.18,5.01,4.53
20221208_001222_001.jpg,1.23,9.49,5.30,2.36,4.92,4.24
20221208_001224.jpg,1.14,9.25,6.32,1.36,4.14,4.38
20221208_001224_001.jpg,1.52,9.69,6.27,7.48,4.34,3.83
20221208_001228.jpg,1.00,5.21,5.74,1.00,4.72,2.70
20221208_001228_001.jpg,1.00,7.20,5.13,3.11,3.70,3.47
20260612_150000_001.jpg,1.85,7.95,1.00,5.30,4.19,5.53
20260612_150000.jpg,1.51,8.36,1.00,5.28,4.05,4.81
20260528_134719.jpg,4.76,9.78,7.49,5.19,4.26,3.31
20260528_134718_001.jpg,9.07,9.95,5.17,9.69,4.09,4.46
20260528_134718.jpg,8.44,9.96,6.42,10.00,4.02,4.05
20260528_134642.jpg,1.72,8.54,6.18,4.70,4.83,4.89
20260528_134641.jpg,2.04,8.99,7.56,6.00,4.00,4.54
20260528_134640.jpg,3.81,8.90,9.95,9.13,4.49,5.01
20260528_134634.jpg,3.74,8.75,9.28,4.74,4.29,5.18
20260528_134632.jpg,1.19,8.84,4.22,1.19,3.70,2.85
20260528_134631.jpg,1.13,8.22,5.24,2.47,3.31,3.63
20260528_134627.jpg,1.50,9.29,7.16,7.62,4.20,5.39
20260528_134625.jpg,1.61,9.48,7.21,7.27,4.35,5.25
20260528_134624.jpg,1.50,9.40,6.69,4.18,4.00,3.67
20260528_134611.jpg,2.68,8.38,9.27,7.51,4.18,6.35
20260528_134609.jpg,2.75,8.73,8.94,1.92,4.04,4.33
20260528_134604.jpg,1.53,4.82,6.67,4.02,2.95,2.52
20260528_134558.jpg,3.73,8.75,10.00,7.43,5.02,5.62
20260528_134557.jpg,3.02,8.61,9.56,10.00,4.57,5.28
20260528_134556.jpg,3.39,8.86,9.83,10.00,4.74,5.64
20260528_134551.jpg,4.19,7.62,10.00,8.87,4.97,5.03
20260528_134550.jpg,3.44,8.52,10.00,7.41,4.27,5.09
20260528_134548.jpg,3.65,9.42,5.22,7.29,3.43,4.23
20260528_134541.jpg,5.84,7.54,10.00,9.07,5.36,6.41
20260528_134540.jpg,9.43,5.88,6.83,10.00,5.61,6.54
20260528_134537.jpg,3.74,9.61,8.61,10.00,3.68,3.07
20260523_150000_006.jpg,3.26,1.00,1.00,6.91,5.39,5.67
20260523_150000_005.jpg,5.52,1.00,1.13,2.25,5.08,4.87
20260523_150000_004.jpg,2.12,7.84,1.00,5.76,5.31,5.02
20260523_150000_003.jpg,2.91,1.82,1.00,6.91,4.67,4.08
20260523_150000_002.jpg,1.29,4.96,1.00,1.37,5.68,5.86
20260523_150000_001.jpg,1.83,1.00,1.00,5.66,4.01,3.41
20260523_150000.jpg,1.62,7.37,1.00,2.92,4.37,3.42
20260217_135057.jpg,5.52,7.20,9.46,8.66,4.86,5.09
20260217_135056.jpg,4.94,7.25,9.05,8.31,4.71,4.49
20260217_135054_001.jpg,5.68,7.82,10.00,8.85,4.33,4.37
20260217_135054.jpg,4.96,7.84,9.68,9.61,4.56,5.01
20260217_125941_001.jpg,9.61,10.00,4.12,10.00,4.96,3.14
20260217_125941.jpg,9.99,10.00,3.77,10.00,5.05,3.34
20260217_125936_001.jpg,7.62,9.24,8.39,10.00,5.40,4.94
20260217_125936.jpg,6.50,9.24,8.57,10.00,5.39,4.88
20260217_125907.jpg,7.64,9.20,10.00,10.00,4.77,3.94
20260217_125906.jpg,7.70,9.20,10.00,10.00,4.70,4.01
20260217_124626.jpg,10.00,9.56,8.22,9.91,4.31,5.57
20260217_124625.jpg,10.00,9.06,9.89,9.28,4.26,5.58
20260217_124624.jpg,9.18,8.94,9.79,9.09,3.98,4.94
20260217_123615_001.jpg,10.00,9.68,3.24,10.00,3.68,3.58
20260217_123615.jpg,10.00,9.87,3.18,10.00,3.80,3.87
20260217_123612.jpg,4.88,9.45,8.16,8.83,4.81,4.10
20260217_123611.jpg,5.02,9.45,8.33,8.90,4.64,4.05
20260217_122811.jpg,6.22,9.31,4.14,9.27,4.11,4.28
20260217_122809.jpg,4.59,9.39,7.34,7.87,4.19,3.53
20250619_122636.jpg,3.31,9.65,8.10,8.00,5.77,6.29
20250619_122629.jpg,10.00,1.00,8.53,9.79,6.41,6.77
20250619_122628.jpg,10.00,1.00,7.62,10.00,6.43,7.00
20250619_122625.jpg,10.00,3.42,6.36,10.00,6.34,7.14
20250619_122622.jpg,10.00,3.21,5.31,10.00,6.33,7.35
20250619_122620.jpg,10.00,2.75,5.79,9.80,6.48,7.46
20250321_141348.jpg,10.00,4.29,8.23,7.80,7.15,7.70
20250321_141346.jpg,10.00,2.26,8.79,4.68,6.58,6.66
20250321_141342.jpg,10.00,3.99,8.41,9.40,6.94,8.37
20250321_141334.jpg,10.00,6.68,3.70,9.22,5.66,8.07
20250321_141313.jpg,10.00,7.85,7.42,10.00,7.00,8.96
20250321_141220.jpg,6.76,5.02,10.00,6.39,6.93,7.63
20250321_141215.jpg,10.00,8.59,5.13,10.00,7.11,8.68
20250321_141200.jpg,10.00,7.94,6.89,8.57,6.78,8.45
20250321_141155.jpg,10.00,7.38,6.28,10.00,6.46,8.59
20250321_141144.jpg,10.00,9.19,8.81,8.95,6.18,6.96
20250321_141142.jpg,10.00,8.87,4.82,10.00,5.79,6.11
20250321_141135.jpg,6.96,1.00,9.55,2.16,6.27,6.35
20250321_141128.jpg,8.75,8.53,10.00,6.44,7.84,8.45
20250321_141125.jpg,6.71,8.68,10.00,6.22,6.61,7.30
20250321_141122.jpg,7.48,3.29,8.78,8.18,6.44,8.90
20250321_141119.jpg,6.28,3.47,7.75,6.49,6.75,8.15
20250321_141117.jpg,4.44,3.05,9.99,5.25,6.76,7.40
20250321_141113.jpg,4.01,6.06,6.60,8.01,6.85,7.91
20250321_141111.jpg,4.37,6.55,8.21,7.26,6.63,7.55
20250321_141110.jpg,3.43,6.16,7.48,7.10,6.56,7.94
20250321_141055.jpg,10.00,7.13,8.96,10.00,6.55,8.23
20250321_141050.jpg,10.00,6.03,9.25,9.86,7.02,10.00
20250321_141045.jpg,10.00,8.11,7.29,10.00,7.05,8.19
20250321_141043.jpg,10.00,8.05,6.83,10.00,7.48,9.15
20250321_141042.jpg,10.00,7.72,7.51,10.00,7.51,9.63
20250321_141036.jpg,10.00,9.14,2.18,9.23,7.21,8.44
20250321_141035.jpg,10.00,6.78,1.65,6.52,6.96,7.96
20250321_141031.jpg,5.43,6.67,9.33,7.22,7.25,8.02
20250321_141030.jpg,6.88,6.73,9.60,7.24,7.39,8.31
20250129_131504.jpg,4.32,7.09,8.61,7.61,5.44,5.14
20250129_131500.jpg,5.30,7.61,8.17,10.00,6.01,6.73
20250129_131458.jpg,2.13,8.13,6.36,7.73,5.91,6.56
20250109_122205.jpg,3.31,9.84,5.06,8.51,4.65,5.78
20250109_122201.jpg,4.79,10.00,3.63,8.42,4.47,5.59
20250109_122132.jpg,4.55,9.27,6.17,10.00,4.11,5.36
20250109_122003.jpg,2.01,8.28,9.71,4.57,5.51,6.53
20250109_122002.jpg,2.19,8.30,9.51,4.88,5.50,6.65
20250109_121944.jpg,7.10,1.99,5.98,6.96,6.24,6.88
20250109_121936.jpg,2.21,6.32,6.96,3.60,5.50,5.50
20250109_121930.jpg,2.87,4.65,6.79,4.92,6.19,6.56
20250109_121924.jpg,2.68,8.41,9.76,8.02,6.21,7.00
20250109_121922.jpg,2.02,8.39,10.00,8.11,6.25,6.79
20250109_121920.jpg,2.33,8.45,9.85,7.69,6.23,6.99
20250109_120033.jpg,4.66,9.09,7.06,10.00,3.36,2.67
20250109_120030.jpg,9.89,9.58,7.88,10.00,3.71,3.23
20250109_120016.jpg,4.41,7.03,7.04,9.75,4.22,4.77
20250109_120008.jpg,6.61,7.41,8.45,8.10,4.34,4.36
20250109_120001.jpg,1.00,9.03,2.79,6.16,2.97,2.77
20250109_115954.jpg,3.64,9.36,3.09,7.62,3.32,3.65
20250109_115221.jpg,1.08,10.00,3.04,5.46,4.57,4.81
20250109_115215.jpg,1.08,9.62,4.78,7.17,5.18,4.70
20250109_115153.jpg,2.25,9.32,2.25,7.55,3.88,4.17
20250109_115148.jpg,2.17,9.62,6.46,9.45,3.42,3.28
20250109_114759.jpg,2.74,9.12,5.89,8.38,4.44,3.72
20250109_114756.jpg,1.26,9.30,1.00,7.69,5.18,4.41
20250109_114750.jpg,1.93,9.59,6.58,8.72,3.95,3.28
20250109_114745.jpg,1.71,9.09,8.30,7.62,4.39,4.31
20250109_114732.jpg,2.20,10.00,1.00,5.89,3.87,4.49
20231113_143333.jpg,7.22,9.10,5.72,7.85,5.00,4.78
20231113_142742.jpg,1.22,9.99,6.49,2.92,3.53,3.51
20231113_142529.jpg,2.12,8.89,9.27,7.27,3.97,5.45
20231113_142419.jpg,3.18,8.03,6.20,8.17,4.06,3.94
20231113_142251.jpg,2.23,9.55,7.79,8.26,4.46,4.60
20231113_142134.jpg,2.62,9.86,6.15,9.22,4.21,4.40
20231113_142025.jpg,3.09,10.00,4.94,8.80,4.13,3.48
20231113_141733.jpg,1.81,8.30,8.48,2.02,5.07,4.86
20230602_093222.jpg,10.00,9.22,6.74,9.95,5.15,5.33
20230602_093207.jpg,10.00,9.02,6.92,10.00,4.81,5.48
20230602_093200.jpg,10.00,9.20,5.57,10.00,4.89,4.67
20230126_151114.jpg,1.00,4.70,2.42,1.00,4.59,3.80
20230126_142614.jpg,1.00,6.16,1.00,1.32,5.18,4.58
20230126_142601.jpg,1.00,6.10,1.00,4.85,5.07,4.05
20230126_142548.jpg,1.00,6.99,1.00,5.76,5.95,5.93
20230126_142533.jpg,1.00,7.92,1.00,5.09,4.99,4.78
20230126_142528.jpg,1.00,3.41,1.49,1.43,4.66,2.64
20230126_142410.jpg,4.04,7.57,6.40,7.47,5.72,5.20
20230126_142354.jpg,1.75,3.90,7.86,4.07,5.71,6.47
20230126_142304.jpg,1.64,9.43,6.49,7.21,5.20,4.64
20230126_142245.jpg,1.95,9.61,6.90,5.46,6.33,7.68
20230126_141321.jpg,1.65,4.74,9.45,5.07,5.99,6.39
20230126_141312.jpg,1.32,7.43,8.69,1.00,5.67,5.42
20230126_131709.jpg,3.20,1.97,8.47,2.53,5.76,5.68
20230126_131701.jpg,5.28,1.05,6.28,2.79,5.84,6.11
20230126_131646.jpg,2.56,3.73,6.07,4.96,6.57,7.83
20230126_131640.jpg,2.25,3.49,6.20,6.91,6.39,8.05
20230126_131611.jpg,1.48,5.41,7.25,1.00,5.97,7.18
20230126_131556.jpg,1.33,3.50,2.86,2.71,5.95,7.77
20230126_131539.jpg,1.42,4.44,5.93,1.00,6.22,7.38
20230126_131527.jpg,1.91,1.46,8.42,6.49,6.39,7.30
20230126_131520.jpg,2.29,1.29,5.40,6.25,6.33,7.94
20230126_131446.jpg,2.43,6.41,5.38,6.66,6.56,7.23
20230126_131419.jpg,2.08,2.59,7.43,4.43,6.49,8.27
20230126_131411.jpg,1.15,6.81,4.67,1.00,5.67,5.75
20230126_131406.jpg,1.06,6.54,4.44,1.00,5.31,4.92
20230126_131357.jpg,4.33,5.11,7.35,8.95,6.48,8.19
20230126_131355.jpg,2.82,5.29,6.22,8.82,6.39,8.11
20230126_131352.jpg,1.96,7.11,7.01,3.64,6.13,7.65
20230126_131342.jpg,2.93,7.20,8.76,1.00,6.40,7.49
20230126_131326.jpg,1.33,3.93,7.91,1.26,6.15,7.20
20230126_131314.jpg,1.39,3.79,6.60,1.00,6.78,7.82
20230126_131305.jpg,8.92,1.32,9.23,2.31,7.17,8.20
20230126_131302.jpg,5.07,4.99,8.35,4.72,6.66,8.02
20230126_131258.jpg,3.11,5.01,5.75,7.61,6.44,8.88
20230126_131251.jpg,1.93,4.89,4.83,3.93,6.87,8.58
20230126_131231.jpg,7.96,6.16,9.83,4.45,6.56,8.08
20230126_131216.jpg,4.60,6.88,2.99,3.43,5.74,6.76
20230126_131210.jpg,2.68,8.27,5.22,3.20,5.27,5.47
20230126_131159.jpg,3.64,9.36,8.59,2.92,6.06,7.10
20230126_131158.jpg,3.89,9.45,9.27,2.48,6.04,7.56
20230126_131145.jpg,10.00,9.50,8.00,8.04,6.17,7.43
20230126_131138.jpg,8.18,6.40,4.56,8.93,6.08,7.13
20230126_131136.jpg,4.73,7.07,7.47,7.66,5.49,6.20
20230126_131134.jpg,5.56,9.28,10.00,6.55,7.08,7.76
20230126_131122.jpg,8.60,5.32,1.27,1.09,5.68,6.62
20230126_131121_001.jpg,10.00,4.03,1.00,3.18,5.77,6.46
20230126_131121.jpg,9.68,4.79,1.00,3.07,5.40,6.72
20230126_131120.jpg,9.86,4.70,1.00,4.25,5.61,6.49
20230126_131107.jpg,3.65,3.14,5.76,1.00,6.25,7.00
20230126_131106.jpg,10.00,4.97,5.15,2.12,6.16,7.40
20230126_131050.jpg,10.00,5.32,6.79,6.31,4.87,6.39
20230126_131037.jpg,8.61,8.23,6.15,3.78,5.33,6.52
20230126_131031.jpg,10.00,7.76,1.00,6.83,4.72,6.08
20230126_131016.jpg,5.52,7.99,6.26,1.00,5.75,6.02
20230126_131010.jpg,8.19,8.11,7.08,1.00,6.32,7.11
20230126_131009.jpg,10.00,8.32,8.51,8.43,6.25,7.08
20230126_131008.jpg,9.97,8.27,8.13,7.79,6.52,7.60
20230126_131000.jpg,9.76,1.00,6.19,2.30,6.26,6.08
20230126_130958.jpg,9.35,8.44,10.00,1.00,6.06,6.79
20230126_130954.jpg,6.49,1.00,9.43,1.52,6.61,6.68
20230126_130953.jpg,6.32,1.00,9.58,1.12,6.57,6.82
20230126_130950.jpg,10.00,8.65,4.22,8.79,5.17,6.19
20230126_130934.jpg,10.00,7.52,1.94,8.26,4.05,5.54
20230126_130929.jpg,10.00,8.15,2.29,6.70,5.31,5.75
20230126_130913.jpg,10.00,8.14,1.00,2.93,4.75,5.81
20230126_130911.jpg,4.12,5.03,8.93,6.24,6.74,7.86
20230126_130909.jpg,5.12,5.26,7.58,6.69,6.64,8.26
20230126_130908.jpg,10.00,8.27,4.48,7.29,4.62,6.42
20230126_130901.jpg,4.40,6.94,6.13,9.31,6.54,7.95
20230126_130900.jpg,1.07,6.81,6.51,1.00,6.28,4.83
20230126_130856.jpg,5.26,5.87,7.77,3.44,5.47,5.39
20230126_130849.jpg,5.84,5.45,8.92,5.31,6.95,7.43
20230126_130845.jpg,4.99,2.21,8.43,4.46,6.47,7.94
20230126_130841.jpg,10.00,7.43,3.39,3.93,4.99,5.88
20230126_130835.jpg,1.51,9.59,4.63,3.42,5.62,6.41
20230126_130831_001.jpg,10.00,9.39,5.82,8.85,5.62,7.31
20230126_130831.jpg,5.21,4.77,7.21,6.20,6.65,8.26
20230126_130829.jpg,3.07,4.57,7.10,5.98,6.22,7.26
20230126_130828.jpg,1.47,5.89,10.00,2.91,6.54,7.63
20230126_130824.jpg,4.40,4.24,7.28,7.21,6.35,6.20
20230126_130822.jpg,4.24,4.72,5.85,7.55,7.17,7.70
20230126_130821.jpg,4.31,4.75,6.31,7.91,6.88,6.98
20230126_130812.jpg,8.10,8.79,7.40,7.86,5.91,6.78
20230126_130756.jpg,10.00,9.02,1.00,7.82,6.04,7.05
20230126_130748.jpg,10.00,8.74,1.22,7.86,5.17,6.35
20230126_130744.jpg,10.00,6.80,1.00,5.72,4.02,4.84
20230126_130743.jpg,7.84,2.67,9.62,8.13,5.96,6.75
20230126_130740.jpg,5.84,6.72,9.02,7.31,5.44,6.48
20230126_130727.jpg,2.04,9.40,5.68,8.20,6.50,8.50
20230126_130712.jpg,1.00,4.54,1.18,1.00,5.89,5.49
20230126_130706.jpg,8.73,4.17,7.64,7.93,6.48,7.60
20230126_130704.jpg,8.28,4.36,6.85,7.62,6.43,6.58
20230126_130658.jpg,3.69,4.22,8.01,6.90,6.47,7.42
20230126_130657_001.jpg,1.13,4.42,5.97,1.00,5.98,5.48
20230126_130657.jpg,2.94,4.88,7.31,6.55,6.21,6.81
20230126_130646.jpg,2.84,2.93,10.00,2.75,5.70,5.77
20230126_130645.jpg,2.54,2.04,8.86,2.91,5.30,5.06
20230126_130643.jpg,3.61,3.99,9.44,4.87,5.73,5.51
20230126_130641.jpg,1.00,9.17,4.95,3.09,5.54,4.30
20230126_130631.jpg,3.43,1.00,8.36,3.73,6.14,7.10
20230126_130625.jpg,1.97,1.00,6.50,1.03,4.60,4.95
20230126_130621.jpg,1.94,1.00,8.57,1.00,6.30,6.41
20230126_130618.jpg,1.32,1.00,6.62,1.00,6.15,5.84
20230126_130616.jpg,1.23,1.00,4.00,1.00,6.38,6.94
20230126_130612.jpg,1.00,9.79,6.34,3.83,4.30,2.34
20230126_130606.jpg,1.07,9.29,5.38,1.00,4.89,3.61
20230126_130604.jpg,2.80,3.18,8.44,2.92,6.01,4.81
20230126_130601.jpg,1.75,3.65,8.69,2.96,5.79,6.58
20230126_130600.jpg,1.39,3.03,6.56,1.00,4.81,4.40
20230126_130557.jpg,2.73,6.89,8.14,8.16,5.57,5.53
20230126_130551.jpg,1.05,9.65,5.61,5.88,4.83,3.47
20230126_130550.jpg,1.55,1.52,10.00,1.00,6.16,5.24
20230126_130547.jpg,7.21,3.68,9.10,3.95,5.95,6.63
20230126_130546.jpg,1.00,8.65,4.60,4.92,5.19,3.26
20230126_130518.jpg,4.28,5.91,10.00,1.64,5.66,5.38
20230126_130514.jpg,6.28,1.00,2.52,1.71,6.26,6.41
20230126_130511.jpg,10.00,2.45,1.00,4.08,5.06,5.76
20230126_130304.jpg,1.40,1.00,6.95,1.51,5.41,4.91
20230126_130250.jpg,3.34,3.29,8.74,5.20,6.47,7.38
20230126_130248.jpg,3.74,3.79,8.95,5.24,6.58,6.81
20230126_130246.jpg,3.93,4.43,8.59,4.22,6.18,6.14
20230126_130241.jpg,3.10,6.82,6.61,3.03,6.33,6.64
20230126_130153.jpg,1.10,3.63,5.56,5.20,5.52,5.39
20230126_130139.jpg,1.43,2.47,8.59,6.08,4.89,4.16
20230126_130132.jpg,4.30,8.52,1.45,3.28,4.07,4.98
20230126_130128.jpg,2.59,6.32,6.11,2.84,4.86,5.46
20230126_130117.jpg,1.31,9.11,8.35,3.01,5.75,5.64
20230126_130107.jpg,1.77,9.25,9.89,3.87,5.96,5.40
20230126_130057.jpg,3.08,9.86,6.70,1.00,5.35,4.51
20230126_130037.jpg,10.00,1.00,3.93,3.21,5.83,6.03
20230126_130029.jpg,10.00,1.02,1.00,1.39,5.03,5.63
20230126_130026.jpg,4.63,1.00,1.00,1.29,5.50,4.98
20230126_130019.jpg,1.40,1.27,10.00,5.48,6.52,6.09
20230126_130009.jpg,2.91,9.71,9.83,6.45,6.16,6.41
20230126_130002.jpg,3.10,9.82,9.11,3.33,6.32,6.25
20230126_125905.jpg,1.18,9.89,8.29,1.00,4.00,2.49
20230126_125838.jpg,2.35,6.67,9.93,6.60,4.88,5.24
20230126_125836.jpg,2.01,7.13,10.00,7.20,5.00,5.08
20230126_125823.jpg,6.54,5.73,1.00,4.63,4.75,5.59
20230126_125818.jpg,10.00,8.91,6.09,8.44,5.74,7.30
20230126_125205.jpg,1.28,7.90,1.62,1.00,6.53,6.38
20230126_125204.jpg,1.29,5.52,1.00,1.00,6.48,6.37
20230126_125203.jpg,1.42,5.74,1.00,1.00,5.98,6.09
20230116_113847.jpg,5.36,9.02,6.73,10.00,5.79,6.13
20230116_113842.jpg,3.98,9.33,9.37,9.33,5.56,5.76
20230116_113837.jpg,6.02,9.56,8.61,10.00,5.62,5.90
20230116_113821.jpg,3.32,9.88,7.45,7.57,5.54,4.87
20230116_113820.jpg,2.63,9.93,7.68,6.50,5.68,4.57
20230116_113804.jpg,4.95,6.11,5.26,10.00,5.76,5.19
20230116_113800.jpg,10.00,9.13,5.84,10.00,5.78,7.15
20230116_113757_001.jpg,8.87,9.12,6.54,7.30,5.79,6.38
20230116_113757.jpg,9.00,9.24,6.50,6.83,5.39,6.57
20230116_113756.jpg,8.48,9.08,6.71,7.91,5.85,6.58
20230116_113748.jpg,3.60,8.13,1.00,6.50,5.41,5.20
20230116_113722.jpg,4.80,8.96,6.29,9.60,5.74,6.34
20230116_113715.jpg,5.65,9.50,8.35,9.56,5.68,5.84
20230116_113714.jpg,5.93,9.18,8.34,10.00,6.23,8.27
20230116_113709.jpg,2.47,9.38,7.83,7.65,4.59,4.74
20230116_113705.jpg,4.93,8.99,6.18,8.66,4.91,5.81
20230116_113701.jpg,6.20,9.04,8.41,8.20,4.52,6.75
20230116_113658.jpg,1.80,7.59,6.45,1.00,4.30,4.52
20230116_113654.jpg,1.74,9.56,6.46,1.54,4.04,3.07
20230116_113648.jpg,5.12,3.67,8.57,6.45,4.13,4.42
20230116_113646.jpg,4.35,4.09,6.73,2.09,4.52,4.01
20230116_113638.jpg,4.53,4.73,8.09,5.48,3.89,4.52
20230116_113637.jpg,4.32,7.25,8.43,8.83,4.60,4.82
20230116_113634.jpg,2.57,4.59,8.08,6.89,3.89,3.11
20230116_113632.jpg,1.53,5.59,5.26,3.49,4.66,4.05
20230116_113627.jpg,3.19,5.72,3.76,7.33,4.58,5.53
20230116_113623.jpg,2.97,6.59,9.71,7.96,3.92,4.35
20230116_113618.jpg,4.29,8.36,5.84,9.69,4.05,6.04
20230116_113613.jpg,5.09,8.01,7.94,10.00,4.60,6.92
20230116_113612.jpg,5.18,8.07,7.96,10.00,4.29,6.33
20230116_113600.jpg,1.86,1.00,9.85,5.01,4.91,4.32
20230116_113559.jpg,1.86,3.67,8.18,5.74,4.61,4.66
20230116_113551.jpg,2.57,4.69,8.88,7.82,5.51,5.15
20230116_113548.jpg,3.40,4.09,8.22,6.95,5.07,6.00
20230116_113543.jpg,2.85,7.25,5.33,8.05,5.64,5.87
20230116_113540.jpg,7.86,8.69,9.27,10.00,5.42,6.16
20230116_113539.jpg,4.94,8.90,7.86,9.04,5.41,5.65
20230116_113531.jpg,2.65,7.06,7.59,6.49,5.42,5.91
20230116_113529.jpg,5.20,7.48,8.48,8.78,5.09,5.39
20230116_113521.jpg,2.60,2.25,9.68,6.39,5.75,5.54
20230116_113520.jpg,2.20,6.79,7.86,8.52,5.10,4.88
20230116_113519.jpg,2.35,6.49,7.73,8.60,5.24,4.68
20230116_113516_001.jpg,3.42,5.29,7.59,6.84,5.08,5.26
20230116_113516.jpg,3.59,5.21,7.93,7.50,5.20,5.36
20230116_113514.jpg,3.94,7.36,7.38,7.68,5.77,6.23
20230116_113454.jpg,3.17,7.94,8.13,7.02,5.12,4.84
20230116_113450.jpg,2.39,5.87,6.83,6.17,5.20,4.80
20230116_113447.jpg,5.54,8.41,6.21,10.00,4.30,5.71
20230116_113446.jpg,5.28,8.77,6.45,10.00,4.09,5.07
20230116_113439.jpg,5.43,2.39,10.00,7.51,4.85,6.16
20230116_113438.jpg,6.25,2.50,10.00,8.20,5.19,6.79
20230116_113416.jpg,6.73,7.24,8.37,9.87,4.61,6.48
20230116_113415.jpg,4.52,6.02,7.59,9.66,4.50,5.38
20230116_113414.jpg,4.80,6.09,7.69,9.99,4.50,6.18
20230116_113353_001.jpg,3.53,3.58,4.04,7.17,5.16,5.88
20230116_113353.jpg,4.56,3.62,5.01,6.67,5.04,5.65
20230116_113346.jpg,4.72,4.54,7.23,6.28,6.08,6.22
20230116_113339.jpg,4.69,5.20,9.68,9.83,5.72,6.81
20230116_113332.jpg,4.75,6.37,9.77,8.51,5.34,5.66
20230116_113329.jpg,10.00,6.95,7.38,10.00,4.86,7.33
20230116_113323.jpg,5.37,8.23,6.73,7.32,6.32,7.37
20230116_113320.jpg,10.00,5.62,8.65,9.55,6.35,8.82
20230116_113317.jpg,6.07,6.02,9.08,9.50,4.96,6.85
20230116_113315.jpg,3.26,6.31,9.42,9.23,4.93,6.61
20230116_113309.jpg,1.26,5.82,9.86,7.33,4.55,3.49
20230116_113254.jpg,1.53,1.00,8.10,7.58,3.87,4.08
20230116_113253.jpg,1.33,1.00,7.70,7.08,4.36,4.38
20230116_113228.jpg,4.09,6.47,8.17,9.56,4.98,6.65
20230116_113225.jpg,3.42,4.09,8.49,9.60,6.31,8.31
20230116_113221.jpg,3.72,9.43,8.56,9.07,4.82,5.70
20230116_113216.jpg,3.30,9.79,9.62,8.37,4.70,6.09
20230116_113127.jpg,2.92,4.14,8.36,6.30,6.01,6.02
20230116_113126.jpg,2.97,3.73,8.44,6.37,5.50,5.73
20230116_113117.jpg,1.90,3.62,6.83,5.75,5.78,5.84
20230116_113114.jpg,1.80,4.30,7.50,6.71,5.77,5.58
20230116_113111.jpg,2.20,1.29,8.31,4.81,5.93,4.93
20230116_113105.jpg,2.45,3.18,8.53,5.16,5.61,5.73
20230116_113104.jpg,1.58,3.65,8.14,5.48,5.38,5.40
20230116_113100.jpg,1.13,1.00,6.25,4.17,5.15,5.40
20230116_113057.jpg,1.51,1.00,4.45,7.65,5.30,4.89
20230116_113054.jpg,1.53,1.00,6.01,4.90,5.97,4.79
20230116_113052.jpg,2.87,3.30,5.72,4.53,5.48,5.82
20230116_113051.jpg,2.27,1.00,8.12,4.52,6.13,5.92
20230116_113047.jpg,2.09,1.00,8.39,2.77,5.87,4.46
20230116_113042.jpg,1.83,1.00,8.60,5.97,6.02,5.09
20230116_113037.jpg,4.12,6.04,8.75,8.77,5.07,3.78
20230116_113032.jpg,1.68,1.72,7.12,6.76,5.90,4.70
20230116_113031.jpg,2.05,2.60,6.69,7.54,5.55,5.15
20230116_113026.jpg,4.20,5.99,8.58,8.20,6.04,6.82
20230116_113025.jpg,3.71,5.87,8.12,9.25,5.88,6.50
20230116_113022.jpg,8.56,3.29,8.71,8.34,6.23,6.06
20230116_113020.jpg,5.15,4.16,9.48,9.09,6.16,6.11
20230116_113016.jpg,3.53,9.27,5.80,6.97,5.82,5.01
20230116_113011_001.jpg,10.00,7.09,5.53,9.94,5.17,5.59
20230116_113011.jpg,6.54,7.07,4.50,9.05,5.26,5.48
20230116_113001.jpg,2.87,8.20,7.01,9.88,5.21,5.19
20230116_112956.jpg,2.89,7.12,6.45,8.38,4.44,4.95
20230116_112955.jpg,6.17,6.43,6.95,9.27,4.57,5.37
20230116_112954.jpg,5.16,6.32,6.60,8.47,4.67,5.52
20230116_112855.jpg,1.00,1.78,1.00,4.38,5.54,6.01
20230116_112837.jpg,1.00,1.00,1.00,2.59,5.47,5.22
20230116_112815.jpg,1.30,1.00,1.00,1.00,5.36,6.23
20230116_112729.jpg,1.28,1.50,6.97,4.47,5.29,5.85
20230116_112622.jpg,1.05,2.89,1.00,5.89,5.12,5.51
20230116_112601.jpg,1.00,1.00,1.00,3.61,5.35,5.99
20230116_112544.jpg,1.06,1.50,2.19,5.94,4.97,5.78
20230116_112418.jpg,1.98,5.93,7.34,5.67,5.92,5.39
20230116_112415.jpg,1.54,3.54,8.76,4.95,6.42,5.81
20230116_112409.jpg,1.77,5.94,6.47,7.28,5.66,5.37
20230116_112407.jpg,1.09,3.53,5.14,3.80,5.63,4.15
20230116_112406.jpg,1.67,3.96,6.83,6.36,6.19,6.24
20230116_112402_001.jpg,1.02,4.08,3.50,5.71,5.00,4.20
20230116_112402.jpg,1.69,1.00,9.26,3.11,5.91,6.01
20230116_112359.jpg,1.42,5.86,6.44,6.72,5.68,5.72
20230116_112356.jpg,2.45,7.96,8.74,5.07,6.46,8.00
20230116_112350.jpg,7.49,7.93,8.80,10.00,5.93,6.55
20230116_112344.jpg,1.61,9.68,8.26,7.05,5.57,5.98
20230116_112337.jpg,1.38,9.11,6.51,7.11,5.54,6.99
20230116_112336.jpg,2.78,1.00,10.00,3.99,5.75,5.41
20230116_112332_002.jpg,1.10,8.21,6.32,5.60,6.12,6.70
20230116_112332_001.jpg,1.97,1.00,8.44,4.90,6.01,5.40
20230116_112332.jpg,1.91,2.26,9.24,5.18,5.84,4.93
20230116_112329_001.jpg,3.17,5.16,7.46,8.21,5.25,5.08
20230116_112329.jpg,3.52,5.68,7.53,8.99,5.10,5.14
20230116_112320.jpg,3.31,1.00,8.63,4.72,5.94,5.81
20230116_112319.jpg,2.80,1.00,8.37,4.68,5.97,5.81
20230116_112317.jpg,2.45,1.00,7.69,3.97,6.23,6.35
20230116_112316.jpg,1.48,1.00,6.09,3.36,6.11,5.40
20230116_112215.jpg,1.40,4.89,6.59,4.68,5.68,5.73
20230116_112211.jpg,3.31,1.16,8.42,8.16,6.52,7.21
20230116_112206.jpg,1.72,1.73,4.26,5.44,4.93,4.81
20230116_112158.jpg,3.09,1.62,8.19,4.59,5.61,5.45
20230116_112131.jpg,1.58,3.86,5.93,4.03,5.77,4.91
20230116_112130.jpg,2.21,4.05,7.83,6.40,5.52,4.83
20230116_112128.jpg,2.17,3.83,6.99,6.36,5.51,4.92
20230116_112124.jpg,2.01,5.07,8.29,6.19,5.72,5.39
20230116_112122.jpg,1.94,6.79,6.54,7.53,5.41,5.43
20230116_112119.jpg,3.41,7.01,7.64,7.31,5.94,5.48
20230116_112105.jpg,2.41,6.07,7.02,8.02,5.84,5.87
20230116_112104.jpg,2.46,6.53,6.85,7.73,5.82,6.59
20230116_112051.jpg,1.35,1.00,4.47,5.91,5.10,4.57
20230116_112048.jpg,1.30,1.00,3.69,2.68,5.41,5.22
20230116_112045.jpg,1.81,1.00,5.10,1.00,5.36,4.57
20230116_112030.jpg,2.81,6.42,7.82,6.41,5.36,5.44
20230116_112026.jpg,2.31,3.58,7.83,4.65,5.27,4.90
20230116_112024.jpg,3.85,6.79,8.81,8.44,5.56,5.87
20230116_112020.jpg,2.55,7.13,10.00,7.78,5.37,5.43
20230116_112012.jpg,4.54,5.19,6.95,8.79,4.62,4.38
20230116_112005.jpg,4.85,1.00,7.98,3.24,5.55,6.07
20230116_112002.jpg,3.82,3.57,6.83,6.13,4.92,5.01
20230116_111959.jpg,2.65,4.22,6.82,6.20,4.88,4.57
20230116_111957.jpg,6.13,3.64,7.24,6.90,5.00,6.03
20230116_111954.jpg,3.33,2.07,8.10,5.78,5.16,5.01
20230116_111953.jpg,2.42,2.45,7.56,4.49,4.94,4.92
20230116_110250.jpg,1.21,7.60,5.48,1.00,4.92,3.23
20230116_110249.jpg,1.20,7.68,5.46,1.00,4.72,2.75
20230116_110242.jpg,10.00,8.07,2.93,9.39,6.45,7.66
20230116_110241.jpg,8.29,8.34,2.82,8.85,7.04,7.83
20230116_110238.jpg,7.92,7.99,1.87,9.66,6.32,7.63
20230116_110232.jpg,2.93,7.62,3.36,5.19,5.30,3.39
20230116_110231.jpg,4.71,7.88,2.62,6.37,5.62,4.24
20230116_110211.jpg,5.05,8.40,4.64,6.20,6.18,5.22
20230116_110210.jpg,5.28,8.26,4.82,8.13,6.53,6.28
20230116_110206.jpg,10.00,8.59,5.21,8.68,6.04,6.58
20230116_110204.jpg,9.12,8.63,5.24,8.48,5.59,5.71
20230116_110057.jpg,10.00,8.63,5.43,8.95,6.25,6.98
20230116_110045.jpg,7.08,7.86,1.89,7.84,5.91,6.37
20230116_110044.jpg,6.89,7.77,2.10,7.76,6.04,6.77
20230116_110039.jpg,5.41,8.97,5.05,7.94,7.13,7.34
20230116_110036.jpg,2.75,8.59,3.78,7.15,5.37,5.02
20230116_110032.jpg,5.32,8.44,4.70,9.31,6.70,7.10
20230116_110008.jpg,6.47,8.06,4.65,8.96,6.60,7.93
20230116_110004.jpg,6.01,8.47,5.49,9.23,6.43,7.21
20230116_105942.jpg,3.86,8.53,3.51,5.34,6.31,5.39
20230116_105928.jpg,3.54,8.33,4.64,6.64,6.77,5.93
20230116_105926.jpg,4.27,8.73,3.94,5.06,6.55,5.81
20230116_105920.jpg,10.00,9.45,1.23,9.34,5.00,5.12
20230116_105917.jpg,8.43,8.88,1.00,9.24,6.15,6.36
20230113_143401.jpg,8.62,7.78,6.47,8.21,3.95,3.54
20230113_142422.jpg,2.32,9.70,7.34,6.82,5.03,5.28
20230113_142415.jpg,4.84,9.54,7.04,8.70,5.66,6.30
20230113_142400.jpg,2.31,9.57,8.62,7.94,4.64,4.85
20230113_142351.jpg,1.53,8.91,6.96,6.66,5.08,4.68
20230113_142338.jpg,2.22,8.01,6.74,5.56,5.48,4.61
20230113_142329.jpg,2.09,8.85,10.00,8.21,5.33,5.56
20230113_142303.jpg,1.00,9.34,5.50,1.00,4.28,1.39
20230113_142252.jpg,3.42,8.49,9.60,6.95,5.46,5.28
20230113_142238.jpg,1.12,8.61,4.94,1.00,4.11,2.01
20230113_142235.jpg,1.29,9.34,7.80,7.56,5.67,5.46
20230113_142154.jpg,2.20,8.93,10.00,7.01,5.27,5.43
20230113_142141.jpg,1.55,7.13,5.46,6.32,6.08,6.60
20230113_142119.jpg,2.17,9.76,8.39,7.69,5.19,5.21
20230113_142107.jpg,2.43,7.27,9.36,6.55,5.79,6.37
20230113_142053.jpg,1.00,4.73,3.55,4.08,5.59,5.36
20230113_142045.jpg,2.24,9.52,6.24,6.88,5.97,5.56
20230113_142034.jpg,3.24,9.93,7.90,9.97,5.04,5.50
20230113_142026.jpg,1.61,8.89,10.00,2.68,5.57,6.74
20230113_142023.jpg,4.66,5.35,7.87,3.93,5.38,6.78
20230113_142018.jpg,1.73,6.28,8.17,3.91,5.11,4.27
20230113_142013.jpg,3.12,1.00,7.21,1.00,4.65,3.39
20230113_142006.jpg,2.32,9.48,7.12,7.99,5.22,5.50
20230113_141927.jpg,2.29,10.00,7.47,4.29,4.58,3.21
20230113_141912.jpg,6.64,9.83,8.91,9.54,5.32,5.87
20230113_141902.jpg,3.63,9.96,9.10,7.43,5.46,4.83
20230113_141851.jpg,1.94,9.94,7.10,6.78,5.31,4.57
20230113_141841.jpg,2.35,10.00,5.87,3.80,4.88,4.45
20230113_141802.jpg,2.02,9.95,7.00,8.84,4.97,4.89
20230113_141750.jpg,1.71,9.95,8.11,8.53,4.14,2.15
20230113_141732.jpg,2.01,9.55,5.25,5.16,5.54,6.56
20230113_141709.jpg,1.27,9.88,5.14,4.77,5.52,5.56
20230113_141705.jpg,1.98,4.10,4.13,6.14,5.22,5.35
20230113_141702.jpg,4.00,8.29,10.00,1.00,6.19,7.29
20230113_141659.jpg,4.35,9.37,9.62,5.75,5.35,5.37
20230113_141654.jpg,4.31,1.00,7.60,1.00,4.03,2.55
20230113_141647.jpg,1.52,9.51,10.00,5.91,5.40,4.58
20230113_141635.jpg,1.47,8.96,6.32,1.00,5.07,4.99
20230113_141626.jpg,3.41,10.00,6.30,8.43,4.55,5.34
20230113_141606.jpg,1.46,8.50,9.24,1.00,5.72,4.51
20230113_141553.jpg,2.74,9.34,4.98,8.72,5.34,4.39
20230113_141546.jpg,1.15,5.36,10.00,1.00,4.49,3.51
20230113_141538.jpg,3.86,9.98,6.44,6.29,5.29,4.86
20230113_141517.jpg,5.72,9.82,6.73,9.13,5.13,5.84
20230113_141506.jpg,5.08,6.06,6.70,8.34,4.79,4.87
20230113_141416.jpg,2.35,9.22,10.00,7.34,6.05,5.93
20230113_141409.jpg,6.82,9.59,7.14,10.00,5.91,5.33
20230113_141402.jpg,3.84,9.93,6.84,9.41,5.53,4.79
20230113_141331.jpg,2.78,9.87,9.04,7.29,5.27,5.15
20230113_141311.jpg,1.35,7.50,6.34,7.74,5.96,6.53
20230113_141256.jpg,3.13,9.72,5.64,8.89,5.20,5.55
20230113_141224.jpg,1.03,6.18,8.80,2.34,5.15,4.40
20230113_141211.jpg,1.28,7.28,4.63,5.10,5.01,4.09
20230113_141207.jpg,1.00,8.32,5.84,6.17,4.95,3.95
20230113_141151.jpg,1.12,5.58,6.79,4.42,4.97,5.02
20230113_141147.jpg,1.00,5.92,4.82,5.24,4.41,3.94
20230113_141140.jpg,2.13,9.34,7.08,5.73,5.87,6.58
20230113_141134.jpg,3.16,9.96,7.52,9.14,4.69,5.77
20230113_141123.jpg,1.27,8.56,4.15,5.19,3.66,3.32
20230113_141121.jpg,3.88,9.56,6.72,3.15,4.72,5.06
20230113_141118.jpg,1.96,1.00,7.96,1.71,4.80,4.89
20230113_141110.jpg,2.60,1.00,8.23,1.00,4.22,2.62
20230113_141104.jpg,1.87,9.58,8.78,3.12,5.47,5.12
20230113_141057.jpg,4.73,9.69,7.05,7.52,5.24,5.08
20230113_141050.jpg,1.59,9.93,4.75,4.07,4.35,3.90
20230113_141040.jpg,3.73,10.00,5.92,8.16,4.25,3.97
20230113_141027.jpg,2.74,9.55,7.77,5.67,6.36,5.71
20230113_141011.jpg,1.12,9.74,1.67,1.01,5.67,5.09
20230113_141000.jpg,3.70,9.78,5.05,6.74,4.46,4.60
20230113_140954.jpg,6.96,9.76,8.93,8.70,4.55,5.66
20230113_140943.jpg,1.80,8.68,7.17,5.04,7.15,7.88
20230113_140933.jpg,2.91,10.00,4.48,6.95,4.92,4.42
20230113_140921.jpg,4.36,9.84,8.44,6.51,4.49,4.29
20230113_140913.jpg,2.60,10.00,6.80,4.93,5.12,4.68
20230113_140901.jpg,3.42,9.33,7.66,5.43,5.97,5.90
20230113_140855.jpg,3.75,9.86,7.75,7.05,5.72,5.98
20230113_140848.jpg,3.76,9.75,7.34,8.13,5.61,5.77
20230113_140842.jpg,3.55,9.87,7.11,7.61,5.60,5.88
20230113_140832.jpg,2.96,10.00,6.39,6.51,4.61,4.59
20230113_140822.jpg,1.56,9.30,5.72,4.14,6.13,6.96
20230113_140816.jpg,2.05,8.92,6.54,7.86,5.16,4.99
20230113_140803.jpg,1.90,9.72,9.35,7.53,4.56,5.21
20230113_140801.jpg,2.14,9.73,9.64,5.68,4.45,4.41
20230113_140750.jpg,1.34,8.30,1.00,6.66,3.95,4.19
20230113_140746.jpg,1.35,9.12,7.62,7.25,4.35,4.33
20230113_140720.jpg,1.00,1.41,4.93,2.90,3.99,4.39
20230113_140711.jpg,1.03,6.42,5.12,4.81,4.25,4.39
20230113_140707.jpg,1.23,8.32,9.10,7.26,4.32,3.97
20230113_140701.jpg,1.00,9.25,3.84,4.12,3.97,4.10
20230113_140654.jpg,1.31,9.95,3.54,1.99,3.23,1.38
20230113_140651.jpg,1.97,8.36,7.67,1.83,3.43,2.69
20230113_140647.jpg,1.99,7.29,5.27,6.73,3.60,3.04
20230113_140644.jpg,2.49,8.24,7.38,8.03,4.09,5.38
20230113_140637.jpg,2.00,9.98,7.97,1.00,3.80,3.76
20230113_140628.jpg,1.49,7.84,8.03,6.09,5.09,5.54
20230113_140626.jpg,1.00,8.25,4.73,5.35,4.29,3.19
20230113_140616.jpg,1.25,1.98,4.41,3.60,4.93,4.88
20230113_140612.jpg,2.18,1.00,7.89,5.33,4.47,4.94
20230113_140606.jpg,1.86,1.00,7.76,3.26,4.77,4.83
20230113_140602.jpg,4.54,9.84,8.11,9.75,4.13,4.01
20230113_140547.jpg,3.10,10.00,8.65,8.36,4.93,4.87
20230113_140520.jpg,1.49,9.35,5.75,5.28,5.57,5.83
20230113_140507.jpg,1.45,7.58,6.29,8.30,6.08,5.34
20230113_140459.jpg,3.76,9.49,8.28,7.70,6.07,6.23
20230113_140453.jpg,1.29,9.86,7.77,4.69,5.50,5.36
20230113_140446.jpg,1.77,9.64,7.03,7.40,4.84,5.08
20230113_140429.jpg,3.41,8.53,9.41,8.57,6.38,7.16
20230113_140414.jpg,1.54,8.06,8.88,6.11,5.67,6.05
20230113_140350.jpg,1.46,3.94,10.00,4.46,4.51,4.04
20230113_140342.jpg,2.07,5.97,9.36,2.09,5.19,6.38
20230113_140332.jpg,1.19,9.06,5.72,5.39,5.72,5.59
20230113_140320.jpg,2.85,7.97,7.17,7.53,6.79,7.82
20230113_140307.jpg,2.15,8.54,6.32,6.95,6.21,7.20
20230113_140252.jpg,2.73,8.99,7.86,7.53,6.30,7.68
20230113_135054.jpg,1.05,6.48,8.03,6.06,3.68,3.84
20230113_135051.jpg,2.34,5.57,7.06,1.28,3.80,2.86
20230113_135048.jpg,1.00,6.38,3.96,1.00,3.88,2.92
20230113_135044.jpg,1.42,3.96,3.89,3.54,4.51,4.99
20230113_135036.jpg,2.02,1.00,6.46,1.00,3.85,2.92
20230113_135031.jpg,3.52,9.47,6.60,8.40,4.73,5.23
20230113_135018.jpg,1.82,8.63,5.71,8.01,5.80,6.78
20230113_135008.jpg,2.54,4.63,9.26,4.84,5.34,6.03
20230113_134928.jpg,7.84,9.20,8.73,8.79,4.67,4.78
20230113_134909.jpg,1.58,7.94,8.71,4.80,4.86,4.70
20230113_134902.jpg,1.41,7.51,6.40,1.57,5.60,4.45
20230113_134850.jpg,2.78,9.90,6.93,6.78,5.37,5.85
20230113_134837.jpg,3.16,9.89,6.76,8.19,5.39,6.47
20230113_134822.jpg,2.06,7.17,6.24,3.97,4.02,3.52
20230113_134819.jpg,1.56,9.48,8.23,6.56,3.77,2.66
20230113_134816.jpg,2.09,9.85,6.71,8.27,4.91,5.89
20230113_134811.jpg,1.90,1.00,6.76,1.00,3.72,2.34
20230113_134801.jpg,1.00,10.00,4.11,3.72,5.24,6.70
20230113_134757.jpg,1.00,10.00,3.92,4.62,5.17,6.22
20230113_134755.jpg,1.00,10.00,3.81,3.52,4.61,4.94
20230113_134747.jpg,1.67,8.53,4.01,2.27,4.90,4.51
20230113_134741.jpg,1.85,9.14,6.66,5.37,5.57,5.53
20230113_134735.jpg,1.32,8.74,7.75,6.60,6.08,6.18
20230113_134727.jpg,1.64,1.82,9.51,7.64,5.48,5.27
20230113_134718.jpg,1.39,3.06,7.46,3.39,5.86,5.97
20230113_134716.jpg,1.17,3.19,6.95,3.49,5.97,6.30
20230113_134705.jpg,1.93,9.71,4.45,1.00,5.20,4.92
20230113_134644.jpg,1.94,7.29,4.57,8.82,5.05,5.14
20230113_134626.jpg,2.28,8.69,9.81,5.96,5.05,5.37
20230113_134619.jpg,1.00,8.17,5.98,4.36,4.27,3.14
20230113_134615.jpg,1.54,1.04,10.00,4.99,4.71,5.13
20230113_134601.jpg,1.70,6.49,7.36,3.47,5.12,4.14
20230113_134600.jpg,2.36,6.31,8.45,4.09,5.22,4.34
20230113_134531.jpg,7.98,8.51,8.82,10.00,5.59,6.64
20230113_134512.jpg,3.40,8.69,6.83,9.18,5.98,6.76
20230113_134454.jpg,1.25,4.90,8.05,5.04,5.94,5.50
20230113_134449.jpg,2.35,7.00,6.63,7.09,6.25,6.93
20230113_134432.jpg,2.24,9.56,7.46,9.14,6.14,7.16
20230113_134409.jpg,1.85,8.97,9.27,6.25,5.30,4.92
20230113_134400.jpg,2.34,5.59,9.98,6.63,5.01,4.35
20230113_134356.jpg,1.91,6.81,6.94,6.96,5.08,4.51
20230113_134330.jpg,1.14,5.98,6.30,5.16,5.08,4.98
20230113_134322.jpg,1.16,3.95,8.95,4.43,5.28,4.97
20230113_134316.jpg,2.59,9.01,6.82,8.09,5.01,5.54
20230113_134311.jpg,2.71,9.97,5.69,8.59,4.71,4.69
20230113_134301.jpg,1.09,2.03,3.85,1.02,4.00,2.66
20230113_134256.jpg,10.00,9.50,5.66,9.64,5.27,6.11
20230113_134254.jpg,4.53,9.54,5.87,8.60,4.62,5.94
20230113_134245.jpg,2.60,1.00,5.97,1.00,4.39,3.05
20230113_134229.jpg,4.21,8.77,8.82,4.72,4.99,4.47
20230113_134227.jpg,3.84,8.75,8.99,4.95,5.24,4.57
20230113_134221.jpg,3.06,9.97,5.98,6.95,5.29,4.31
20230113_134207.jpg,2.70,9.97,6.54,7.90,3.94,3.27
20230113_134134.jpg,3.95,2.03,7.39,3.52,5.97,6.54
20230113_134133.jpg,3.37,2.42,7.22,3.31,6.07,6.37
20230113_134059.jpg,1.00,8.34,4.03,1.24,4.18,2.08
20230113_134054.jpg,1.00,8.36,4.19,1.49,4.38,2.34
20230113_134048.jpg,1.00,7.90,4.77,1.00,4.00,2.32
20230113_134034.jpg,8.58,9.96,4.09,6.88,4.00,5.09
20230113_134029.jpg,9.38,9.91,3.82,7.47,4.68,5.39
20230113_134025.jpg,3.20,9.36,5.75,1.95,4.65,4.61
20230113_134005.jpg,3.48,7.28,7.04,5.97,6.10,6.36
20230113_133959.jpg,5.23,8.51,6.89,7.45,5.20,5.83
20230113_133958.jpg,2.03,8.63,5.65,2.97,5.26,5.18
20230113_133947.jpg,2.16,8.67,7.06,5.71,5.51,5.18
20230113_133940.jpg,2.53,6.14,8.83,5.65,4.22,3.45
20230113_133917.jpg,2.19,9.53,6.94,4.45,4.96,5.01
20230113_133901.jpg,1.00,1.00,1.00,1.00,4.43,3.04
20230113_133839.jpg,2.42,8.28,10.00,5.26,5.74,5.90
20230113_133835.jpg,1.61,7.28,7.46,2.12,5.70,5.02
20230113_133828.jpg,2.64,8.86,8.90,4.77,4.92,5.02
20230113_133822.jpg,2.84,1.00,5.96,1.00,4.42,2.98
20230113_133751.jpg,2.12,9.10,10.00,1.00,4.55,4.34
20230113_133747.jpg,2.75,9.27,10.00,5.86,4.95,4.53
20230113_133716.jpg,3.94,8.84,7.17,5.82,5.65,5.86
20230113_133658.jpg,1.64,4.64,9.15,5.10,5.72,5.48
20230113_133642.jpg,3.30,5.26,4.17,6.00,6.33,6.50
20230113_133550.jpg,1.93,1.22,5.81,2.07,5.21,4.66
20230113_133539.jpg,4.88,1.80,6.13,6.02,5.00,5.20
20230113_133520.jpg,1.06,1.00,8.71,2.15,5.19,4.37
20230113_133458.jpg,1.00,3.39,1.76,1.55,3.63,2.17
20230113_133444.jpg,1.24,1.81,7.47,3.25,5.50,4.27
20230113_133434.jpg,1.93,5.95,8.52,6.59,5.55,4.91
20230113_133431.jpg,1.88,3.53,9.20,4.61,5.99,4.92
20230113_133425.jpg,1.32,4.15,8.28,4.72,5.31,4.86
20230113_133421.jpg,1.41,4.41,9.39,4.80,5.29,4.98
20230113_133410.jpg,1.10,4.73,5.32,1.90,5.77,5.17
20230113_133402.jpg,1.00,7.38,2.35,5.11,5.09,4.38
20230113_133359.jpg,1.24,5.67,5.83,6.52,6.08,4.99
20230113_133344.jpg,5.41,7.37,7.92,4.26,4.90,4.66
20230113_133342.jpg,9.71,8.75,3.78,6.10,4.63,4.71
20230113_133341.jpg,9.03,8.76,4.05,6.72,4.76,4.77
20230113_133315.jpg,2.69,2.40,8.63,6.67,5.11,5.59
20230113_133313.jpg,3.31,8.42,6.14,7.82,4.59,4.82
20230113_133252.jpg,1.00,8.97,3.08,2.26,4.59,3.75
20230113_133244.jpg,1.55,6.55,7.29,5.04,4.82,4.29
20230113_133233.jpg,3.13,7.47,10.00,4.98,5.22,4.97
20230113_133232.jpg,2.59,7.48,10.00,4.41,5.16,4.99
20230113_133221_001.jpg,4.96,5.40,10.00,7.11,5.76,6.23
20230113_133221.jpg,5.90,5.30,10.00,7.02,5.95,6.54
20230113_133206.jpg,2.66,6.25,5.39,7.30,5.63,6.35
20230113_133204.jpg,6.78,6.20,8.83,8.56,5.81,5.83
20230113_133203.jpg,6.28,6.38,8.65,7.46,5.99,6.07
20230113_133153.jpg,3.65,6.88,10.00,6.81,5.44,6.30
20230113_133149.jpg,2.48,6.29,8.01,5.65,5.70,5.73
20230113_133148.jpg,2.73,6.26,8.93,5.14,5.42,5.45
20230113_133134.jpg,1.00,1.00,1.69,1.77,4.41,2.65
20230113_133131.jpg,1.10,3.32,3.52,2.65,5.13,3.81
20230113_133120_001.jpg,1.24,4.61,5.25,1.00,5.40,5.00
20230113_133120.jpg,2.22,4.60,7.66,1.17,5.46,4.90
20230113_133112.jpg,1.38,7.00,5.80,6.44,4.99,4.47
20230113_133101.jpg,9.59,9.04,6.58,9.57,4.02,5.03
20230113_133100.jpg,7.84,8.01,7.32,9.80,4.15,4.72
20230113_133054.jpg,10.00,9.87,7.12,9.58,5.04,5.78
20230112_154036.jpg,1.00,10.00,1.02,6.99,3.62,3.94
20230112_154034.jpg,1.51,7.24,1.00,3.78,3.98,3.53
20230112_154010.jpg,1.08,9.93,3.24,3.75,3.25,2.91
20230112_153954.jpg,1.00,9.46,3.89,4.63,3.73,3.96
20230112_153953.jpg,1.00,9.78,3.94,5.50,2.99,3.39
20230112_153952.jpg,1.00,9.71,3.75,4.54,2.83,2.82
20230112_153945.jpg,1.44,9.32,1.00,7.64,4.41,3.70
20230112_153942.jpg,2.10,9.91,2.35,8.27,3.44,1.98
20230112_153907.jpg,1.16,9.88,1.00,6.44,2.66,2.59
20230112_153902.jpg,1.83,9.80,3.70,8.66,4.48,3.62
20230112_153856.jpg,2.57,9.16,1.91,7.48,4.05,4.17
20230112_153854.jpg,1.17,9.60,5.04,7.94,3.90,5.04
20230112_153851.jpg,1.32,10.00,1.70,8.32,3.15,2.74
20230112_153837.jpg,1.13,8.97,1.00,7.48,4.37,5.19
20230112_153836.jpg,1.31,9.30,1.00,7.46,3.95,4.30
20230112_153834.jpg,3.55,8.21,1.00,10.00,3.83,3.81
20230112_153831.jpg,5.21,8.40,10.00,8.55,3.29,3.58
20230112_153826.jpg,1.64,8.92,2.58,5.43,3.40,3.33
20230112_153819.jpg,1.92,8.28,7.30,8.09,3.87,3.44
20230112_153815.jpg,1.14,8.81,5.75,6.30,3.69,4.93
20230112_153813.jpg,3.19,7.68,10.00,7.91,3.63,2.30
20230112_153812.jpg,2.03,7.84,6.90,7.15,3.68,1.18
20230112_153810.jpg,1.65,9.80,6.54,5.47,3.44,2.85
20230112_153809.jpg,1.56,9.85,6.73,5.43,3.44,2.50
20230112_153758.jpg,1.47,8.35,7.25,6.70,4.48,4.89
20230112_153753.jpg,1.83,5.11,6.56,6.60,4.03,3.79
20230112_153751.jpg,1.90,6.41,7.02,7.25,3.31,2.85
20230112_153743.jpg,1.18,9.08,5.60,4.36,3.64,3.91
20230112_153737.jpg,2.04,8.50,2.14,3.01,3.49,3.61
20230112_153732.jpg,2.41,9.38,6.47,5.99,4.74,5.52
20230112_153731.jpg,2.19,9.41,6.47,5.57,5.04,6.44
20230112_153721.jpg,1.71,9.01,7.62,5.92,4.03,4.90
20230112_153716.jpg,1.08,8.78,4.74,7.23,3.09,3.47
20230112_153713.jpg,1.00,9.83,2.55,5.78,3.74,4.88
20230112_153710.jpg,1.33,9.63,6.79,6.08,2.14,3.13
20230112_153703.jpg,1.92,8.04,7.82,7.85,3.72,5.15
20230112_153657.jpg,1.48,8.66,6.17,7.14,3.48,3.83
20230112_153651.jpg,1.07,8.82,4.48,3.74,4.04,4.17
20230112_153641.jpg,1.50,7.75,5.60,4.95,3.86,2.98
20230112_153636.jpg,2.15,8.88,8.93,7.73,3.07,3.29
20230112_153622.jpg,1.38,6.63,7.70,3.81,3.43,3.14
20230112_153215.jpg,2.48,8.50,10.00,7.89,4.03,3.40
20230112_153137.jpg,1.00,10.00,6.92,8.35,4.15,5.48
20230112_153136.jpg,1.00,9.96,4.36,7.45,3.75,4.46
20230112_153131.jpg,1.09,10.00,8.06,6.00,2.60,4.10
20230112_153120.jpg,1.00,10.00,1.57,6.80,3.08,3.93
20230112_153115.jpg,1.32,9.94,4.66,9.07,3.89,4.48
20230112_153107.jpg,1.19,9.90,7.12,5.96,4.04,5.04
20230112_153100.jpg,1.52,9.96,2.84,9.75,5.11,5.76
20230112_153056.jpg,1.43,10.00,7.12,8.86,4.61,4.46
20230112_153046.jpg,1.46,10.00,10.00,7.84,2.56,1.87
20230112_153042.jpg,1.18,10.00,5.74,6.77,2.93,2.69
20230112_153029.jpg,1.88,10.00,4.81,7.95,4.05,3.82
20230112_153026.jpg,1.28,10.00,4.80,7.32,3.47,4.33
20230112_153020.jpg,3.28,9.91,6.76,9.90,3.62,4.72
20230112_152951.jpg,1.24,8.99,2.87,6.08,4.66,4.31
20230112_152947.jpg,2.39,9.77,9.95,9.81,4.49,4.84
20230112_152935.jpg,1.49,7.90,6.02,7.92,4.25,3.71
20230112_152924.jpg,1.95,9.03,8.75,8.38,3.58,2.76
20230112_152923.jpg,1.85,9.01,8.35,8.64,3.50,2.46
20230112_152901.jpg,2.33,9.58,7.84,8.57,3.96,4.09
20230112_152857.jpg,1.31,8.34,8.09,5.19,4.47,4.14
20230112_152829.jpg,3.61,8.50,10.00,8.04,4.26,5.10
20230112_152821.jpg,1.58,9.07,9.63,8.14,3.92,4.67
20230112_152818.jpg,2.67,9.00,7.73,8.37,3.74,4.05
20230112_152814.jpg,2.52,6.63,6.63,9.21,3.35,4.18
20230112_152727.jpg,2.61,6.17,8.77,5.53,4.87,4.58
20230112_152722.jpg,2.50,4.38,9.29,5.85,5.69,5.86
20230112_152548.jpg,2.63,4.03,6.99,7.40,4.55,5.39
20230112_152536.jpg,1.52,7.30,3.37,6.13,3.36,2.72
20230112_152534.jpg,1.87,7.37,10.00,4.68,3.34,2.01
20230112_152528.jpg,1.03,6.76,3.69,3.91,3.90,2.65
20230112_152513.jpg,1.44,1.79,5.19,6.80,5.15,5.07
20230112_152512.jpg,1.88,1.33,6.36,6.28,4.97,5.16
20230112_152435.jpg,1.41,8.00,5.78,3.19,4.72,5.53
20230112_152432.jpg,1.68,7.82,8.12,6.66,4.80,5.74
20230112_152422.jpg,1.68,6.14,6.73,6.27,4.63,6.71
20230112_152421.jpg,2.00,6.09,7.01,6.25,4.94,7.11
20230112_152357.jpg,4.38,7.92,4.81,9.15,4.68,6.13
20230112_152347.jpg,2.36,7.86,7.89,8.03,4.76,6.52
20230112_152345.jpg,2.01,7.78,8.08,7.89,4.85,6.15
20230112_152335.jpg,3.23,7.13,10.00,8.80,4.94,6.43
20230112_152334.jpg,2.37,7.60,10.00,6.93,5.03,5.74
20230112_152257.jpg,1.26,6.57,5.28,7.29,5.34,5.51
20230112_152255.jpg,1.03,6.99,1.97,5.23,5.06,5.14
20230112_152002.jpg,2.35,8.15,7.71,7.95,4.27,4.72
20230112_151956.jpg,1.85,8.67,7.78,8.67,4.17,5.82
20230112_151944.jpg,1.34,5.56,8.23,3.00,4.01,3.36
20230112_151936.jpg,1.48,4.33,6.81,5.24,3.11,3.53
20230112_151935.jpg,3.06,4.60,8.72,7.17,4.46,4.58
20230112_151934.jpg,2.14,4.47,7.53,7.36,4.13,4.60
20230112_151915.jpg,1.80,5.86,6.50,8.15,4.86,5.51
20230112_151909.jpg,1.81,5.10,5.35,5.54,5.19,5.99
20230112_151845.jpg,1.37,4.43,6.36,2.56,5.82,6.78
20230112_151839.jpg,2.31,5.60,8.17,3.64,5.69,5.69
20230112_151821.jpg,2.43,4.37,8.80,8.09,5.47,5.91
20230112_151819.jpg,2.30,4.92,8.80,5.91,5.40,5.35
20230112_151815.jpg,1.57,2.14,5.20,4.70,4.64,4.32
20230112_151813.jpg,1.76,4.37,5.34,6.43,5.12,5.39
20230112_151805.jpg,1.17,8.19,6.89,7.62,4.35,4.56
20230112_151800.jpg,2.59,6.76,7.36,9.35,4.60,5.07
20230112_151759.jpg,1.58,6.79,5.96,8.55,4.55,4.47
20230112_151755_001.jpg,2.22,7.10,8.34,7.25,5.53,6.11
20230112_151755.jpg,1.99,6.94,8.20,7.35,5.44,6.52
20230112_151741.jpg,1.14,5.44,4.97,1.00,3.70,3.89
20230112_151739.jpg,2.22,5.65,8.79,6.87,5.19,6.34
20230112_151732.jpg,6.36,5.62,10.00,5.42,4.41,4.84
20230112_151639.jpg,2.31,1.00,6.79,8.51,3.81,4.72
20230112_151633.jpg,1.75,2.90,5.83,3.67,4.71,5.27
20230112_151632.jpg,1.25,2.71,4.78,3.08,4.58,4.99
20230112_151615.jpg,1.33,4.91,2.56,5.81,5.36,5.93
20230112_151613.jpg,1.86,3.09,5.45,6.64,4.89,4.28
20230112_151612.jpg,1.77,2.51,5.88,6.68,4.73,4.21
20230112_151604.jpg,2.32,9.50,1.00,6.76,5.16,5.96
20230112_151550.jpg,3.16,8.46,6.03,3.59,4.05,5.04
20230112_151541.jpg,1.08,8.31,5.54,4.33,4.85,4.78
20230112_151539.jpg,1.45,2.66,8.26,6.09,4.99,4.44
20230112_151537.jpg,1.52,3.13,9.22,5.61,4.18,3.28
20230112_151514.jpg,2.58,9.04,6.64,5.92,4.09,3.30
20230112_151507.jpg,1.49,5.99,8.00,2.48,4.27,4.88
20230112_151505.jpg,3.07,5.24,6.59,5.64,3.97,4.93
20230112_151500.jpg,2.36,8.65,8.02,8.43,4.44,5.47
20230112_145021.jpg,2.36,8.92,8.55,6.98,4.97,4.58
20230112_145009.jpg,1.10,9.37,5.64,3.11,3.86,4.02
20230112_145007.jpg,1.12,9.36,3.69,3.42,3.39,3.04
20230112_145004.jpg,1.36,7.89,10.00,6.78,3.11,2.42
20230112_145002.jpg,1.00,8.28,6.36,4.16,2.80,1.76
20230112_144928.jpg,2.86,9.54,8.09,8.45,5.12,5.02
20230112_144925.jpg,1.91,9.68,7.94,6.13,4.12,3.92
20230112_144916.jpg,1.24,9.60,7.89,8.13,4.80,6.42
20230112_144907.jpg,1.00,8.73,5.41,1.00,3.07,1.54
20230112_144904.jpg,1.81,9.82,6.90,6.42,4.31,4.03
20230112_144857.jpg,1.16,8.70,7.93,6.50,4.10,3.97
20230112_144846.jpg,1.35,1.00,5.28,3.79,5.50,5.64
20230112_144834.jpg,1.40,1.11,4.06,2.88,5.84,5.84
20230112_144831.jpg,2.12,2.14,8.30,3.98,5.33,5.30
20230112_144819.jpg,1.94,8.80,7.07,8.06,3.95,5.47
20230112_144815.jpg,2.47,8.70,8.22,7.85,4.24,5.39
20230112_144641.jpg,1.70,7.67,9.45,1.40,4.67,4.40
20230112_144639.jpg,1.84,8.34,10.00,2.44,5.05,4.95
20230112_144631.jpg,1.87,7.50,7.93,5.23,4.99,4.83
20230112_144628.jpg,1.63,8.36,4.18,2.15,5.53,4.40
20230112_144625.jpg,1.85,9.63,7.72,3.59,5.09,3.67
20230112_144621.jpg,1.61,4.64,5.92,3.44,4.82,4.08
20230112_144611.jpg,5.47,8.67,8.11,8.99,4.30,5.54
20230112_144609.jpg,3.18,8.85,3.21,7.16,5.12,6.46
20230112_144601.jpg,2.76,8.24,2.25,4.48,5.89,5.47
20230112_144559.jpg,2.94,7.94,6.52,5.93,5.40,6.03
20230112_144558.jpg,2.61,7.93,6.82,5.57,5.40,5.97
20230112_144546.jpg,1.47,7.95,8.80,5.39,3.93,4.00
20230112_144540.jpg,1.56,6.97,7.80,2.45,5.41,6.20
20230112_144538.jpg,2.57,6.82,6.18,4.32,4.70,5.85
20230112_144445.jpg,1.12,8.04,7.97,4.69,4.19,3.94
20230112_144443.jpg,1.13,7.68,7.48,3.91,4.40,3.96
20230112_144440.jpg,3.04,9.97,7.75,8.34,4.38,4.86
20230112_144439.jpg,2.72,9.92,5.91,7.73,4.30,4.52
20230112_144433.jpg,3.53,9.54,5.53,5.13,5.12,4.44
20230112_144431_001.jpg,1.72,9.64,6.68,4.68,4.95,4.25
20230112_144431.jpg,1.30,9.72,6.38,3.86,5.05,4.08
20230112_144354.jpg,1.32,4.62,8.06,3.75,4.39,4.07
20230112_144353.jpg,1.13,4.38,6.21,5.98,4.21,4.40
20230112_144341.jpg,3.65,8.59,6.98,9.28,5.24,5.32
20230112_144334.jpg,1.24,1.00,3.10,1.20,5.51,5.18
20230112_144332.jpg,1.93,2.26,10.00,3.94,4.48,5.02
20230112_144330.jpg,1.51,3.20,8.07,4.07,5.07,4.99
20230112_144323.jpg,2.81,9.31,8.91,2.69,5.43,5.51
20230112_144318.jpg,1.97,6.32,8.06,3.58,5.99,6.03
20230112_144313.jpg,1.03,9.91,4.56,1.00,4.06,2.88
20230112_144302.jpg,1.72,8.72,4.56,4.66,4.78,4.03
20230112_144250.jpg,2.08,8.97,5.01,5.97,5.48,6.21
20230112_144241.jpg,2.30,7.30,5.99,7.08,4.95,5.13
20230112_144237.jpg,3.80,9.59,5.30,8.29,5.12,3.70
20230112_144234.jpg,10.00,9.46,6.44,10.00,4.99,5.22
20230112_144223.jpg,2.64,8.36,8.13,5.90,5.07,4.98
20230112_144215.jpg,2.93,6.69,9.16,8.15,4.96,4.71
20230112_144209.jpg,1.53,5.74,6.02,7.16,3.21,2.26
20230112_144206.jpg,4.20,9.68,4.15,8.50,3.73,3.84
20230112_144140.jpg,1.58,9.44,5.77,3.32,3.16,2.85
20230112_144135.jpg,1.55,10.00,6.75,4.01,3.47,3.25
20230112_144131.jpg,2.09,10.00,6.94,5.47,3.19,2.83
20230112_144125.jpg,1.75,8.61,7.43,7.40,4.43,4.54
20230112_144057.jpg,1.92,8.02,6.70,6.50,4.28,4.43
20230112_144050.jpg,1.00,2.49,5.50,6.85,4.55,4.25
20230112_144048.jpg,1.65,4.47,6.20,5.64,4.08,2.99
20230112_144047.jpg,1.37,4.34,5.19,5.50,4.13,3.25
20230112_144032.jpg,1.20,5.63,6.49,5.22,3.79,3.26
20230112_144018.jpg,1.16,6.48,4.76,6.52,3.72,3.89
20230112_144013.jpg,1.76,8.70,7.14,8.90,4.52,4.62
20230112_144011.jpg,1.98,8.54,6.76,9.46,4.65,4.46
20230112_144008.jpg,1.87,9.57,8.51,5.65,2.77,2.68
20230112_144005.jpg,2.55,9.88,5.03,5.72,4.23,4.38
20230112_144001.jpg,1.66,9.01,8.73,8.71,5.04,4.90
20230112_144000.jpg,3.11,8.72,9.94,9.33,4.30,3.89
20230112_143959.jpg,2.41,8.92,8.73,8.66,4.39,4.24
20230112_143946.jpg,2.91,8.45,8.86,8.61,3.29,2.92
20230112_143942.jpg,1.07,7.03,1.00,5.71,5.05,5.93
20230112_143936.jpg,2.35,8.07,6.36,8.12,3.51,3.20
20230112_142157.jpg,1.70,9.74,5.83,8.91,4.08,3.90
20230112_142156.jpg,1.61,9.83,7.85,8.20,4.02,4.04
20230112_142142.jpg,2.73,9.81,5.07,9.38,4.10,4.53
20230112_142106.jpg,1.38,9.32,7.63,4.63,4.02,3.55
20230112_142058.jpg,3.02,9.85,5.62,8.38,3.57,3.51
20230112_142026.jpg,1.16,9.24,6.07,3.76,4.43,4.59
20230112_142022.jpg,2.81,8.70,8.37,9.40,4.94,5.23
20230112_142017.jpg,3.92,6.14,1.00,8.73,5.64,5.99
20230112_142012.jpg,2.82,8.59,7.99,5.91,4.80,3.21
20230112_142011.jpg,5.18,8.82,7.52,2.81,5.52,4.20
20230112_142005.jpg,5.04,7.92,10.00,9.88,3.97,4.16
20230112_142002.jpg,1.41,9.38,7.29,9.09,3.94,4.21
20230112_141959.jpg,1.48,8.62,2.61,5.63,5.02,4.44
20230112_141954.jpg,5.44,8.07,6.16,9.83,3.30,2.64
20230112_141943.jpg,1.00,6.24,3.56,5.44,3.73,3.63
20230112_141856.jpg,8.60,8.86,5.94,10.00,5.15,5.66
20230112_141850.jpg,6.70,9.63,6.45,9.84,4.91,4.82
20230112_141840.jpg,6.92,10.00,6.41,10.00,4.25,5.36
20230112_141831.jpg,4.14,9.66,3.01,10.00,3.98,3.47
20230112_141816.jpg,1.00,9.25,2.62,7.00,3.61,3.46
20230112_141740.jpg,4.53,10.00,7.64,10.00,3.64,3.71
20230112_141727.jpg,7.86,9.25,4.73,7.61,4.33,5.19
20230112_141721.jpg,3.35,9.86,5.89,10.00,4.72,5.00
20230112_141719.jpg,3.07,10.00,5.09,10.00,3.93,2.91
20230112_141715.jpg,1.99,10.00,6.06,8.46,3.08,2.78
20230112_141713.jpg,7.33,9.65,4.32,10.00,3.85,3.73
20230112_141707.jpg,1.00,9.37,1.60,5.35,3.62,1.96
20230112_141658.jpg,1.13,9.72,5.65,4.13,5.07,4.56
20230112_141655.jpg,1.08,9.89,7.09,7.36,4.58,4.64
20230112_141650.jpg,1.95,9.62,7.68,10.00,4.93,5.14
20230112_141644.jpg,4.56,9.70,2.00,9.52,4.37,5.69
20230112_141640.jpg,3.01,9.74,5.90,9.47,4.27,4.92
20230112_141628.jpg,6.97,9.63,5.11,10.00,3.29,3.90
20230112_141626.jpg,5.04,8.92,6.26,9.20,4.03,3.32
20230112_141619.jpg,1.92,10.00,8.48,4.78,2.90,1.75
20230112_141611.jpg,4.80,9.90,5.51,8.46,3.79,2.92
20230112_141609.jpg,3.72,9.87,6.16,7.59,4.07,3.09
20230112_141600.jpg,3.70,9.78,7.79,9.65,3.56,1.89
20230112_141558.jpg,4.34,10.00,8.86,9.97,3.41,2.88
20230112_141556.jpg,1.22,10.00,4.37,3.96,3.64,3.67
20230112_141554.jpg,2.43,9.79,8.14,8.98,5.02,4.94
20230112_141545.jpg,1.77,9.54,9.27,6.98,4.50,4.97
20230112_141543.jpg,1.29,10.00,2.63,4.49,4.02,3.80
20230112_141537.jpg,1.32,10.00,4.48,4.26,4.08,4.16
20230112_133433.jpg,1.46,10.00,3.06,7.10,3.23,3.57
20230112_133431.jpg,1.25,10.00,5.01,6.75,3.67,3.73
20230112_133426.jpg,1.74,9.99,8.84,8.49,3.15,3.63
20230112_133417.jpg,1.27,9.50,9.09,6.86,4.20,5.21
20230112_133412.jpg,1.00,10.00,4.81,7.94,4.56,5.24
20230112_133410.jpg,1.00,10.00,3.97,6.25,4.30,5.14
20230112_133407.jpg,1.12,9.92,8.30,8.01,2.99,3.02
20230112_133404.jpg,1.08,9.89,8.23,6.83,4.08,5.15
20230112_133400.jpg,1.75,9.85,8.36,8.67,3.99,4.86
20230112_133347.jpg,1.31,9.78,7.28,9.26,4.20,3.52
20230112_133344.jpg,3.04,9.80,6.83,9.41,3.88,3.71
20230112_133342.jpg,10.00,10.00,7.24,8.93,2.48,2.76
20230112_133340.jpg,1.33,10.00,6.48,5.43,3.46,3.53
20230112_133337.jpg,1.33,9.94,7.07,4.53,3.64,3.51
20230112_133334.jpg,1.96,9.87,8.36,8.22,3.77,4.62
20230112_133322.jpg,1.44,10.00,1.00,5.02,2.80,3.69
20230112_133311.jpg,1.53,9.87,1.00,7.56,3.44,3.39
20230112_133252.jpg,2.30,9.41,3.90,10.00,3.58,4.09
20230112_133248.jpg,1.92,9.19,8.90,7.63,3.39,2.31
20230112_133247.jpg,1.94,9.17,9.90,7.99,3.53,2.73
20230112_133225.jpg,1.02,9.46,3.31,7.24,3.94,2.12
20230112_133213.jpg,1.18,7.70,6.82,8.35,4.55,3.55
20230112_133149.jpg,1.48,9.65,5.39,8.43,3.24,1.56
20230112_133117.jpg,1.01,9.35,4.30,2.35,3.27,2.94
20230112_133110.jpg,1.45,9.58,1.00,6.25,3.56,2.99
20230112_133104.jpg,4.17,8.88,3.28,9.75,3.50,3.82
20230112_133036.jpg,7.33,9.55,3.67,1.00,3.62,1.63
20230112_133018.jpg,2.55,9.66,2.19,8.90,3.50,2.30
20230112_133011.jpg,1.85,8.71,8.09,6.87,4.24,3.89
20230112_133006.jpg,2.36,9.42,6.05,8.07,4.03,2.86
20230112_133004.jpg,1.50,8.98,6.01,8.39,3.56,2.85
20230112_133001.jpg,2.08,8.79,7.19,6.37,2.75,2.52
20230112_133000.jpg,1.97,8.79,6.91,5.86,2.68,2.42
20230112_132953.jpg,1.55,9.45,4.68,7.49,3.29,3.60
20230112_132951.jpg,1.65,9.92,5.53,6.67,3.43,2.98
20230112_132936.jpg,1.70,9.96,3.29,5.97,2.73,2.69
20230112_132850.jpg,1.38,9.97,1.00,4.02,2.55,2.54
20230112_132840.jpg,1.06,10.00,1.00,3.15,3.08,2.22
20230112_132837.jpg,2.87,9.66,4.74,3.46,3.84,3.15
20230112_132828.jpg,1.00,9.76,2.48,6.52,4.26,4.64
20230112_132824.jpg,1.34,9.83,2.61,6.37,4.56,3.95
20230112_132821.jpg,1.34,9.74,5.47,2.43,4.42,3.85
20230112_132818.jpg,2.30,10.00,6.41,4.75,4.14,3.49
20230112_132812.jpg,1.53,10.00,10.00,7.42,2.47,1.95
20230112_132811.jpg,1.13,10.00,8.76,1.00,2.70,1.84
20230112_132802.jpg,1.00,10.00,1.00,3.85,4.74,5.34
20230112_132738.jpg,2.73,9.24,8.92,5.68,3.26,3.21
20230112_132731.jpg,2.46,9.96,6.40,7.16,2.97,2.87
20230112_132715.jpg,1.00,7.65,5.06,3.69,2.72,2.72
20230112_132702.jpg,1.63,9.34,7.25,5.49,4.60,3.97
20230112_132656.jpg,2.51,9.27,6.39,6.71,4.95,5.21
20230112_132654.jpg,4.09,9.41,10.00,6.99,4.21,4.59
20230112_132652.jpg,1.16,9.77,3.52,5.66,4.69,5.11
20230112_132650.jpg,1.38,9.62,4.24,5.01,4.85,5.04
20230112_132647.jpg,1.02,9.10,5.88,5.36,2.37,1.98
20230112_132642.jpg,1.31,8.31,5.65,8.20,4.52,4.92
20230112_132637.jpg,1.80,9.99,7.66,6.81,3.86,3.85
20230112_132634.jpg,1.28,7.02,6.70,7.72,3.85,4.38
20230112_130102.jpg,3.09,9.72,8.43,6.56,4.62,5.52
20230112_130057_001.jpg,4.82,9.67,6.48,7.93,3.18,2.89
20230112_130057.jpg,4.54,9.66,6.43,7.64,3.27,3.24
20230112_130040.jpg,4.43,9.53,9.57,9.91,4.04,3.86
20230112_130031.jpg,1.87,9.86,4.10,2.10,4.27,3.33
20230112_130028.jpg,2.53,8.40,7.25,6.30,4.13,3.23
20230112_130025.jpg,2.63,9.27,6.80,8.30,3.23,3.57
20230112_130022.jpg,2.35,9.34,5.08,6.31,3.21,3.56
20230112_130019.jpg,3.92,9.31,4.63,6.24,4.03,3.25
20230112_130014.jpg,4.81,2.97,5.96,3.71,3.75,2.20
20230112_125955.jpg,2.17,9.73,6.89,9.73,2.88,2.85
20230112_125949.jpg,1.36,7.94,2.70,8.15,4.04,4.39
20230112_125945.jpg,2.45,9.65,8.62,9.01,3.93,3.76
20230112_125935.jpg,1.08,8.94,4.30,6.88,3.62,3.33
20230112_125929.jpg,9.53,8.73,7.94,10.00,3.73,4.05
20230112_125928.jpg,8.01,8.82,7.91,10.00,3.72,4.05
20230112_125904.jpg,5.10,7.82,9.16,8.22,4.57,5.38
20230112_125902.jpg,3.29,8.84,8.27,6.85,3.93,3.13
20230112_125852.jpg,3.68,9.35,5.16,8.55,3.76,3.64
20230112_125849.jpg,4.29,9.33,7.51,8.36,4.02,4.55
20230112_125842.jpg,6.41,8.04,8.40,7.78,4.52,5.28
20230112_125840.jpg,2.29,10.00,4.78,7.48,2.88,1.00
20230112_125838.jpg,3.36,9.69,2.11,4.93,4.62,5.37
20230112_125836.jpg,1.24,9.95,1.00,1.16,4.45,3.72
20230112_125833.jpg,2.26,9.75,6.09,5.75,2.89,1.92
20230112_125830.jpg,1.92,9.80,6.25,6.71,2.94,3.69
20230112_125829.jpg,2.36,9.52,7.78,7.96,3.87,4.01
20230112_125046.jpg,3.45,8.40,7.15,8.75,5.07,6.01
20230112_125042.jpg,2.29,8.15,7.50,8.73,4.21,4.93
20230112_124825.jpg,1.38,8.97,1.62,7.01,4.02,3.27
20230112_124821.jpg,4.44,8.19,8.45,8.19,3.36,3.27
20230112_124815.jpg,1.64,8.22,1.00,7.53,3.29,2.55
20230112_124813.jpg,2.75,9.22,6.93,7.77,3.22,2.03
20230112_124808.jpg,4.26,8.42,6.12,10.00,4.51,4.53
20230112_124806.jpg,1.25,9.43,6.01,6.42,3.15,2.56
20230112_124755.jpg,10.00,8.72,10.00,8.48,3.30,2.72
20230112_124753.jpg,1.78,9.27,8.78,8.40,3.58,3.47
20230112_124750.jpg,2.99,9.59,6.13,9.02,4.31,3.17
20230112_124744.jpg,1.24,9.77,8.85,8.29,4.79,4.00
20230112_124741.jpg,1.45,8.35,2.34,6.70,3.33,1.54
20230112_124738.jpg,4.86,8.82,6.17,8.53,3.18,1.44
20230112_124720.jpg,4.08,5.07,9.16,8.06,4.47,3.87
20230112_124716.jpg,1.95,7.64,8.15,6.81,3.77,2.58
20230112_124713.jpg,2.19,7.05,4.70,7.81,4.42,5.21
20230112_124709.jpg,4.67,6.71,9.35,8.16,3.79,3.00
20230112_124706.jpg,1.44,8.38,6.95,6.91,3.70,3.23
20230112_124701.jpg,3.83,9.15,7.17,7.85,3.91,4.15
20230112_123831.jpg,2.04,8.20,3.89,8.56,4.67,4.91
20230112_123829.jpg,3.96,6.42,6.29,8.81,4.36,4.09
20230112_123824.jpg,1.27,9.24,9.38,1.00,2.45,1.00
20230112_123822.jpg,1.79,9.76,8.41,4.19,3.13,2.85
20230112_123820.jpg,1.32,9.65,10.00,6.19,2.67,2.83
20230112_123810.jpg,1.00,8.33,2.04,6.18,2.59,1.94
20230112_123807.jpg,1.37,5.14,1.87,6.57,3.70,3.04
20230112_123804.jpg,1.71,9.13,7.37,7.71,3.90,3.42
20230112_123801.jpg,2.33,8.21,10.00,8.79,4.49,4.82
20230112_123758.jpg,5.10,9.40,5.76,9.01,3.69,4.37
20230112_123755.jpg,1.16,8.97,5.63,8.83,3.33,2.53
20230112_123749.jpg,5.93,6.26,2.45,7.18,4.39,3.17
20230112_123748.jpg,6.49,6.32,1.02,7.52,4.39,3.76
20230112_123744.jpg,2.83,9.25,7.04,2.73,3.04,2.22
20230112_123742.jpg,5.65,8.92,7.70,8.73,3.44,4.07
20230112_123739.jpg,3.21,8.69,8.13,9.12,4.64,4.99
20230112_123736.jpg,4.29,8.09,9.17,8.94,4.39,5.30
20230112_123731.jpg,7.95,8.52,8.69,8.09,4.16,3.84
20230112_123719.jpg,5.40,8.80,7.79,9.42,4.76,5.32
20230112_123716.jpg,4.03,4.99,9.41,7.28,4.46,3.51
20230112_123706.jpg,2.66,9.22,4.27,9.76,4.39,5.46
20230112_123704.jpg,5.75,8.83,7.94,9.73,4.30,4.98
20230112_123701_001.jpg,4.77,8.69,4.82,5.79,3.43,1.58
20230112_123701.jpg,4.31,8.78,4.52,5.73,3.22,1.37
20230112_123655.jpg,1.11,8.00,4.38,6.03,2.97,1.70
20230112_123652.jpg,4.77,6.24,8.49,8.82,4.72,3.12
20230112_123651.jpg,4.42,7.17,9.22,7.78,4.64,4.54
20230112_123643.jpg,9.99,9.81,1.00,10.00,2.62,4.05
20230112_123640.jpg,1.20,9.91,4.12,7.43,3.96,3.91
20230112_123638.jpg,2.02,9.75,2.18,10.00,3.54,3.97
20230112_123636.jpg,2.24,9.81,3.96,9.95,4.88,5.05
20230112_123632.jpg,2.28,9.33,7.77,9.34,4.14,3.78
20230112_123630.jpg,2.72,9.36,10.00,9.92,4.27,3.93
20230112_123621.jpg,7.09,5.89,9.02,9.76,4.47,4.53
20230112_123618.jpg,4.25,5.96,9.24,9.20,4.68,4.49
20230112_123614.jpg,3.68,8.23,6.70,9.57,4.48,5.38
20230112_123606.jpg,4.60,8.63,8.85,7.00,4.40,4.85
20230112_123557.jpg,5.54,8.20,10.00,9.73,4.49,5.83
20230112_123537.jpg,3.90,8.61,8.25,8.38,4.33,4.53
20230112_112516.jpg,1.24,10.00,4.29,9.54,3.96,1.19
20230112_111708.jpg,1.68,9.43,5.57,7.37,4.72,4.12
20230112_111653.jpg,1.96,10.00,7.52,4.45,3.59,3.29
20230112_111635.jpg,2.57,9.60,6.19,4.61,3.87,4.08
20230112_111634.jpg,1.39,9.84,1.17,5.63,3.21,2.79
20230112_111628.jpg,1.00,9.50,3.43,1.92,3.20,2.46
20230112_111620.jpg,2.56,9.95,7.20,7.87,3.77,3.97
20230112_111617.jpg,1.24,9.41,6.91,4.32,4.14,4.88
20230112_111613.jpg,2.01,7.70,8.30,8.28,4.83,5.17
20230112_111610.jpg,1.60,8.41,7.64,6.13,3.84,3.40
20230112_111552.jpg,2.02,9.41,9.09,6.20,3.75,3.54
20230112_111548.jpg,1.19,9.99,8.97,2.74,3.22,2.77
20230112_111543.jpg,2.15,9.69,7.02,6.82,3.89,4.12
20230112_111536.jpg,1.60,8.23,9.36,7.11,3.83,3.69
20230112_111533.jpg,3.62,9.56,4.07,1.27,4.14,5.11
20230112_111531.jpg,2.24,9.58,1.86,6.73,4.08,4.86
20230112_111530.jpg,1.75,9.90,1.66,9.16,4.71,5.92
20230112_111528.jpg,2.42,9.61,1.94,6.12,3.82,3.77
20230112_111526.jpg,4.36,9.96,5.58,8.38,3.05,3.55
20230112_111522.jpg,9.00,9.65,1.22,8.54,3.24,4.96
20230112_111513.jpg,1.22,9.96,2.02,6.33,3.43,3.38
20230112_111508.jpg,1.21,9.83,5.16,5.75,3.47,2.32
20230112_111503.jpg,1.18,9.22,2.54,7.42,3.41,3.48
20230112_111501.jpg,1.57,10.00,3.99,4.54,2.98,2.76
20230112_111459.jpg,2.61,9.95,6.85,5.38,2.75,2.14
20230112_105713.jpg,2.28,8.82,5.56,10.00,4.40,4.70
20230112_105706.jpg,5.21,9.98,3.40,9.26,4.17,3.89
20230112_105702.jpg,1.91,8.55,5.13,9.62,4.68,5.21
20230112_104918.jpg,1.65,9.65,8.12,6.10,3.96,3.77
20230112_104912.jpg,1.29,9.52,4.61,8.31,3.78,3.40
20230112_104901.jpg,1.00,9.94,3.40,5.80,2.85,1.40
20230112_104853.jpg,3.17,8.68,6.69,7.84,3.85,2.92
20230112_104346.jpg,1.45,8.40,5.87,6.42,4.84,5.00
20230112_104341.jpg,1.45,9.86,6.59,7.53,3.99,5.08
20230112_104338.jpg,1.84,9.01,7.19,8.61,3.30,3.16
20230112_104327.jpg,3.95,8.63,7.01,8.89,4.27,4.53
20230112_104311.jpg,3.02,7.72,6.92,9.05,3.61,4.74
20230112_104309.jpg,1.41,9.45,5.70,8.80,3.27,3.70
20230112_104306.jpg,1.20,6.26,5.63,8.20,2.71,1.17
20230112_104300.jpg,1.47,9.15,7.13,8.79,3.12,3.13
20230112_104258.jpg,2.67,8.73,7.06,8.22,3.47,2.43
20230112_104252.jpg,2.17,8.42,8.11,7.66,3.06,2.52
20230112_104240.jpg,1.48,9.87,5.97,8.53,4.88,4.55
20230112_104236.jpg,2.90,8.81,6.32,9.25,4.43,4.41
20230112_104231.jpg,2.13,8.81,5.08,8.71,3.43,3.67
20230112_104228.jpg,2.91,10.00,2.12,7.62,3.82,4.26
20230112_104226.jpg,1.42,9.71,5.83,7.03,3.75,4.52
20230112_104222.jpg,2.69,9.71,8.42,9.04,4.76,3.81
20230112_104220.jpg,1.48,10.00,10.00,8.88,4.67,5.27
20230112_104219.jpg,4.66,8.91,4.42,7.22,3.26,2.39
20230112_104214.jpg,3.68,8.76,9.47,8.42,3.30,3.39
20230112_104211.jpg,1.29,9.81,4.89,8.06,3.30,3.42
20230112_104208.jpg,1.40,9.81,5.00,6.40,3.46,2.15
20230112_104202.jpg,1.78,9.93,7.04,9.24,3.43,2.49
20230112_104200.jpg,1.69,9.49,6.84,8.13,3.71,4.30
20230112_104153.jpg,1.51,9.01,7.32,6.84,2.87,3.63
20230112_104147.jpg,2.26,9.73,6.27,8.50,3.56,2.93
20230112_104140.jpg,1.29,9.26,5.01,3.94,3.87,4.52
20230112_104136.jpg,1.77,9.69,7.74,6.48,3.36,2.36
20230112_104133.jpg,2.19,8.27,8.57,6.07,3.42,2.87
20230112_104129.jpg,1.46,9.36,5.23,8.48,3.48,4.47
20230112_104120.jpg,1.21,3.58,6.90,7.25,3.94,2.80
20230112_104118.jpg,1.48,3.68,8.48,6.22,3.39,2.26
20230112_104115.jpg,1.22,6.42,3.35,4.97,3.19,2.37
20230112_103952.jpg,1.56,9.55,6.18,8.47,3.78,4.24
20230112_103944.jpg,1.79,9.40,5.85,8.15,4.15,4.43
20230112_103927.jpg,2.04,7.38,6.12,9.27,3.99,3.39
20230112_103918.jpg,1.99,7.98,5.26,9.07,3.90,3.03
20230112_103914.jpg,3.93,8.61,6.55,8.23,4.66,3.89
20230112_103905.jpg,3.89,9.92,7.93,9.25,4.47,3.15
20230112_103823.jpg,2.19,8.30,5.33,9.45,4.44,2.30
20230112_103818.jpg,2.58,6.76,7.43,10.00,3.96,4.23
20230112_103803.jpg,1.48,9.58,6.49,7.14,4.20,3.31
20230112_103750.jpg,1.60,9.63,7.03,8.66,4.20,4.24
20230112_103742.jpg,1.45,9.30,4.11,6.40,3.69,3.53
20230112_103732.jpg,1.90,8.31,8.21,6.47,4.03,4.06
20230112_103717.jpg,1.36,9.10,4.85,7.06,4.05,4.73
20230112_103710.jpg,2.33,9.36,8.88,8.01,4.15,4.10
20230112_102216.jpg,2.69,9.34,8.90,7.64,2.75,2.21
20230112_102215.jpg,2.48,9.36,8.16,8.01,3.01,1.75
20230112_101936.jpg,2.43,9.03,3.71,6.43,4.14,4.01
20230112_101934.jpg,1.62,9.79,9.63,7.10,3.37,2.63
20230112_101929.jpg,3.42,8.28,4.77,10.00,4.30,2.26
20230112_101921.jpg,2.15,9.61,1.00,3.01,3.99,3.23
20230112_101915.jpg,1.84,8.62,5.11,3.81,3.23,3.09
20230112_101911.jpg,5.33,8.97,4.61,8.71,4.17,3.98
20230112_101902.jpg,2.83,9.38,9.63,9.17,3.42,2.61
20230112_101900.jpg,2.89,9.38,8.82,7.38,3.34,2.36
20230112_101858.jpg,2.41,9.43,5.49,7.10,3.42,1.60
20230112_101852.jpg,2.81,9.06,6.51,9.20,3.72,2.14
20230112_101845.jpg,2.48,9.64,4.56,8.50,3.29,1.79
20230112_101841.jpg,5.88,9.79,8.77,7.27,3.67,4.08
20230112_101833.jpg,1.27,8.24,2.69,7.26,2.67,3.27
20230112_101825.jpg,1.02,9.89,3.14,8.46,4.34,3.91
20230112_101822.jpg,1.00,9.69,3.26,5.82,4.87,4.74
20230112_101813.jpg,1.53,10.00,5.26,7.48,3.84,3.84
20230112_101758.jpg,1.40,9.91,5.37,8.00,5.09,5.04
20230112_101752.jpg,2.58,8.28,1.00,9.74,4.14,4.56
20230112_101749.jpg,6.57,9.92,1.00,6.42,2.78,1.92
20230112_101748.jpg,9.93,9.89,1.00,7.75,3.02,2.39
20230112_101742.jpg,2.14,9.92,3.92,9.81,3.28,4.30
20230112_101730.jpg,1.57,9.96,1.24,9.50,3.40,4.30
20230112_101728.jpg,1.60,10.00,6.57,8.41,2.82,2.73
20230112_101722.jpg,1.00,9.94,5.02,5.26,3.83,4.25
20230112_101719.jpg,1.14,10.00,10.00,7.95,3.96,4.79
20230112_101715.jpg,1.66,10.00,7.50,7.54,3.55,4.23
20230112_101655.jpg,1.21,9.78,1.00,8.55,3.67,4.02
20230112_101646.jpg,1.97,8.94,10.00,8.32,4.30,4.39
20230112_101638.jpg,1.03,10.00,3.49,7.37,3.27,3.96
20230112_101632.jpg,1.31,8.95,5.30,6.97,4.22,5.46
20230112_101628.jpg,2.44,10.00,7.64,7.79,2.49,1.82
20230112_101621.jpg,1.21,10.00,5.81,5.38,2.78,3.04
20230112_101612.jpg,2.42,10.00,1.00,9.50,2.65,2.16
20230112_101608.jpg,1.48,9.74,6.06,7.93,2.45,2.73
20230112_101556.jpg,1.99,9.88,5.66,8.51,3.55,3.02
20230112_101554.jpg,1.72,9.93,9.76,8.40,3.60,3.58
20230112_101549.jpg,1.85,9.52,8.47,7.05,3.03,3.27
20230112_101431.jpg,1.00,9.90,3.32,5.82,3.35,3.68
20230112_101413.jpg,2.98,8.01,9.91,8.94,4.18,3.13
20230112_101411.jpg,1.54,9.36,8.24,7.66,4.38,5.08
20230112_101308.jpg,1.19,9.28,5.45,6.32,4.25,3.99
20230112_101305.jpg,1.16,9.08,4.78,6.44,4.64,4.14
20230112_101300.jpg,1.27,8.95,5.61,6.69,4.39,3.61
20230112_101259.jpg,2.12,9.78,8.26,6.78,4.73,5.49
20230112_101249.jpg,1.00,8.80,2.56,4.33,4.29,4.13
20230112_101239.jpg,2.05,9.31,7.65,3.25,2.95,1.53
20230112_101231.jpg,1.75,6.79,6.99,8.16,3.59,3.04
20230112_101228.jpg,1.46,9.58,6.58,8.93,3.59,3.51
20230112_015734.jpg,1.96,10.00,1.00,4.99,3.99,2.69
20221208_001248.jpg,1.69,8.68,4.83,4.11,6.11,5.69
20221208_001246.jpg,5.61,9.51,5.00,2.29,5.30,4.11
20221208_001244_002.jpg,1.12,2.74,7.48,4.22,4.65,3.12
20221208_001244_001.jpg,1.48,8.44,7.66,6.62,5.59,4.40
20221208_001244.jpg,1.07,7.51,6.77,5.29,5.32,4.08
20221208_001242_001.jpg,1.00,4.13,1.21,4.13,5.67,5.21
20221208_001242.jpg,1.59,7.17,8.05,5.55,5.32,4.23
20221208_001240.jpg,1.62,8.24,8.24,6.07,5.13,4.64
20221208_001238_001.jpg,3.38,6.09,5.88,7.48,6.12,5.30
20221208_001238.jpg,2.85,7.99,7.74,7.73,6.24,6.06
20221208_001236_001.jpg,2.22,8.50,1.75,3.57,6.66,5.40
20221208_001236.jpg,5.63,3.13,2.15,4.39,6.27,5.44
20221208_001234.jpg,8.72,9.20,6.46,7.56,4.96,4.44
20221208_001230_001.jpg,1.00,7.84,1.41,1.00,4.53,5.16
20221208_001230.jpg,1.10,9.12,3.62,5.92,3.66,3.73
20260620_080001.jpg,1.43,8.94,1.00,5.35,4.25,4.42
20260620_080000.jpg,1.62,9.18,1.00,2.09,4.92,5.46
